treatment_company,operator,age,azimuth,md,tvd,porpoise_deviation,porpoise_count,shale_footage,acoustic_impedance,log_permeability,toc,vcl,p-velocity,pump_rate,proppant_fluid_ratio,unit_proppant_volume,br,production
1,1,6,-32.279999,19148,6443.0,6.33,12,1093,30123.2,0.68,5.0,0.42,13592.23,83,1.23,1126.4253185711302,225.0,5614.947951
3,1,6,-26.879999,14950,5907.0,2.03,6,3254,28900.25,0.29,4.69,0.61,13227.81,88,1.67,1144.8989966555184,228.21428571428572,1450.033022
4,1,12,-49.099998,11098,6538.0,6.0,23,7470,32826.08,0.73,4.4,0.56,12646.34,100,0.77,337.85898360064874,220.0,1060.764407
5,3,12,5.5599999,10549,7024.0,11.87,9,3637,26740.05,0.47,4.66,0.58,13192.18,94,1.32,634.2501658925016,229.57142857142858,607.5303846
6,4,10,-36.990002,13254,7956.0,2.49,7,3099,30416.95,0.07,4.74,0.85,12928.82,97,0.85,476.9888335596801,225.8571428571429,1251.606147
7,4,8,-36.669998,15212,7878.0,2.89,6,6153,34904.61,0.35,4.78,0.73,12789.52,89,1.09,1045.0826978701025,232.85714285714283,2719.967368
9,5,8,-32.98,16892,6822.0,13.68,15,6578,35153.91,1.18,3.92,1.77,12472.19,70,0.93,698.2071394743074,217.85714285714283,3026.278863
11,6,12,-28.09,13155,7914.0,13.39,8,4808,34279.87,1.4,3.98,0.61,12070.16,74,1.32,456.22919042189284,225.7857142857143,1664.355062
3,5,9,-27.33,17888,7437.0,3.09,12,635,27153.3,1.29,4.28,1.79,12208.36,64,0.87,639.028957960644,216.35714285714283,2633.709408
5,8,10,-48.43,15830,7528.0,331.96,1,6693,32451.85,0.36,4.71,0.59,13266.77,84,0.9,684.41958307012,228.3571428571429,2619.113528
5,8,11,-24.879999,11916,7516.0,307.69,1,1717,31044.9,0.43,4.68,0.59,13213.38,86,0.88,381.37688821752266,229.14285714285714,895.1185707
10,11,11,-21.209999,11525,6603.0,16.84,7,5066,31990.58,0.47,4.66,0.58,13184.96,69,1.25,758.0363557483731,227.64285714285717,667.0924295
9,12,6,-41.639999,15315,8281.0,5.28,6,5284,34782.28,0.85,4.6,0.6,12748.61,80,1.26,959.028338230493,218.42857142857142,1934.384962
2,7,8,-44.509998,14492,6334.0,17.58,21,12400,35351.96,0.26,4.58,0.57,13273.95,96,1.21,853.5583770356059,226.5714285714286,1190.884135
1,5,6,-22.58,19834,6526.0,5.38,8,7716,29441.48,0.62,4.91,0.44,13478.62,75,1.12,1173.9764041544822,225.28571428571428,3187.190755
5,8,10,-2.3299999,17658,7631.0,10.76,9,2649,34667.33,1.23,4.8,0.95,12583.18,88,0.94,875.6013704836334,243.50000000000003,1669.353094
7,11,11,-4.6700001,13080,8941.0,2.96,18,10154,34804.16,0.18,4.62,0.74,11849.77,69,2.01,227.6633027522936,244.0,925.7441562
11,6,10,-33.90573541903704,15760,8158.0,289.05,1,3416,34470.52,1.28,4.03,0.66,11993.24,86,1.14,541.4393401015228,224.85714285714286,3079.750629
10,6,6,-13.62,14135,7590.0,38.76,20,8088,35192.75,0.1,3.3,0.63,11200.75,90,1.96,721.2054474708171,227.14285714285714,3292.077537
13,15,12,-33.90573541903704,11839,5559.0,146.49,1,2347,32818.92,0.43,4.68,0.59,13202.61,74,0.57,111.36852774727595,229.28571428571425,534.5528106
10,11,9,-43.779999,12670,7659.0,3.66,9,2161,34789.16,0.52,4.63,0.5,12901.65,70,0.88,349.1301499605367,231.85714285714283,1462.232381
2,7,8,-42.77,15257,5985.0,2.99,3,3474,35375.84,0.46,4.67,0.59,13207.6,96,1.14,809.2657796421315,227.42857142857144,615.8663271
4,7,7,-46.91,14535,6401.0,22.36,5,4491,34775.43,0.67,5.2,0.07,13046.09,95,1.21,626.4412108703131,228.14285714285717,1063.619892
10,4,7,-42.790001,15610,6602.0,31.28,16,8555,35579.35,0.47,4.64,0.57,13160.76,100,1.04,844.5703395259449,229.7857142857143,1507.253422
5,16,8,-40.669998,11816,6936.0,9.37,20,10228,35258.45,0.99,3.81,1.56,12622.5,78,0.73,352.1284698713609,218.78571428571428,1213.243506
7,6,10,-25.700001,13779,8487.0,12.24,2,2791,34538.91,1.3,2.88,0.45,11969.87,81,1.29,685.4919805501125,231.07142857142858,4185.294342
1,17,6,-13.22,11845,6538.0,190.95,2,530,30847.96,0.78,5.16,0.45,13061.34,80,0.95,745.8104685521317,215.28571428571428,1999.76295
5,18,9,-39.77,16773,7024.0,24.95,7,5825,31925.1,0.46,4.69,0.59,13229.9,93,0.99,516.9564776724498,229.28571428571425,1959.238946
12,4,6,-41.130001,18644,7949.0,83.05,3,4386,33220.79,0.23,4.38,0.66,13292.28,99,1.43,1245.2810555674748,222.99999999999997,4360.228367
4,4,9,-29.66,13722,7867.0,8.74,8,1235,35185.98,0.18,4.82,0.84,12864.27,89,0.84,694.5675557498906,230.7142857142857,1855.806584
12,19,10,-59.740002,12646,5897.0,7.15,3,2969,34228.79,0.56,4.76,0.41,13455.52,79,0.92,597.9542147714692,226.78571428571428,719.9502925
1,20,13,-30.219999,14390,8012.0,4.56,11,6588,34112.47,1.0,6.08,0.42,11723.42,80,1.23,390.87630298818624,240.42857142857142,1389.36745
1,20,13,-45.759998,13014,8048.0,23.2,5,3745,34899.94,0.99,6.43,0.36,12322.49,93,1.55,618.3009067158445,238.71428571428575,792.3838722
11,6,10,-15.51,14458,7619.0,12.96,5,4029,33437.86,0.92,4.36,0.72,11627.02,79,1.35,588.7563978420252,219.5,2944.130214
3,5,8,-11.8,14376,6817.0,34.88,7,5106,32719.34,1.32,3.93,1.93,12309.91,75,0.91,744.9871313299944,217.35714285714283,1736.79381
4,14,6,21.959999,12874,7535.0,4.65,3,2152,34570.38,0.14,3.64,0.62,11117.56,96,1.11,1009.8457355911139,225.14285714285714,5463.968098
13,15,11,-35.84,10647,5514.0,7.55,18,9655,34811.38,0.84,5.38,0.58,12578.92,93,1.27,459.7341974265051,234.5714285714286,508.9421901
10,2,6,-29.75,18314,6722.0,26.27,5,277,27288.09,1.58,6.42,0.52,11801.52,94,1.96,1262.9696407120236,234.5,2112.703768
15,19,9,-75.949997,11707,5846.0,11.83,5,4108,33045.51,0.06,4.61,0.73,13172.87,81,0.93,771.5116596907833,224.7142857142857,616.3775066
10,11,11,-41.349998,9700,6317.0,4.68,21,8105,33069.47,0.4,4.8,0.62,13278.1,70,1.16,680.1607216494846,230.42857142857147,451.9080888
12,19,10,-55.849998,12560,5810.0,16.72,23,8416,34723.19,0.5,4.83,0.56,13280.73,82,0.86,609.4187898089172,228.57142857142856,869.0764801
9,11,9,-30.030001,15575,9050.0,13.07,21,10586,32939.52,0.89,4.24,0.68,11800.98,71,1.02,316.4967576243981,243.64285714285714,640.2543161
7,11,11,-8.0699997,14144,8637.0,14.22,7,5799,33543.38,0.36,4.63,0.62,11834.59,68,1.09,193.90801753393666,244.92857142857144,2887.753959
10,11,11,-33.90573541903704,11723,6447.0,142.57,6,10244,34770.84,0.63,5.15,0.4,13588.36,69,1.13,775.9295402200802,225.07142857142856,853.7593013
10,4,7,-39.529999,16584,7751.0,37.94,29,17012,34634.34,1.35,5.11,0.62,12712.86,100,1.3,607.0327424023155,242.42857142857142,1383.727159
1,5,6,-30.91,15789,6422.0,110.16,3,4477,33261.49,1.29,3.87,1.89,12377.37,70,1.1,1174.0832224966748,217.71428571428572,3026.233432
9,22,6,-44.220001,14361,5652.0,19.62,11,1561,31078.71,0.52,4.44,0.27,13487.18,95,1.08,1376.3279715897222,223.35714285714286,1903.9369
5,8,12,-32.619999,12725,7463.0,0.56,9,4056,34808.3,1.24,4.85,0.96,12586.4,97,1.04,519.6562671905698,243.42857142857142,1131.588838
1,5,7,-40.09,15286,6441.0,173.02,1,4004,34656.74,0.48,4.65,0.58,13183.12,78,1.14,1367.9853460682978,229.7857142857143,3004.785693
2,2,13,-10.67,10965,5778.0,2.14,16,5181,34897.14,1.18,6.46,0.45,12136.41,82,1.23,440.330779753762,232.21428571428572,1243.10183
13,24,11,-14.81,13900,5778.0,3.59,9,4149,34246.32,0.18,4.64,0.67,13309.81,79,1.27,555.5453956834532,226.8571428571429,1396.648404
12,2,13,-18.629999,12593,8178.0,15.13,19,9516,35039.02,0.32,4.68,0.62,13231.58,73,1.32,337.96553640911617,226.42857142857144,1255.634139
12,25,7,-33.90573541903704,17884,8688.0,41.38,12,8492,34732.74,1.72,4.01,0.65,11551.76,81,1.32,1286.4853500335496,221.92857142857142,2437.073421
8,26,10,-53.18,11645,7980.0,353.76,1,4086,32176.92,1.08,5.42,0.82,12599.2,90,0.97,353.9373121511378,242.2857142857143,1010.513559
12,9,11,2.48,12520,8573.0,16.06,4,2297,34764.4,0.88,4.12,0.47,11642.67,92,1.37,471.61285942492015,242.42857142857142,873.411474
1,13,7,-49.650002,15653,5765.0,5.53,7,4655,27931.42,0.26,4.68,0.62,13241.47,89,1.02,1582.9286398773397,226.14285714285717,1514.900274
5,15,11,-46.98,11903,5475.0,35.35,12,4633,31163.96,0.28,4.68,0.62,13204.97,89,1.22,451.02453163068134,228.5,1562.272694
5,11,9,-1.71,13295,7286.0,41.17,5,4278,28723.7,0.56,4.58,0.5,13056.54,70,0.99,623.813463708161,230.85714285714283,1191.836063
4,1,12,-27.1,10777,6054.0,0.33,32,13729,34692.69,0.54,4.7,0.42,13552.74,99,1.26,505.7306300454672,219.50000000000003,2509.09978
8,26,8,-55.029999,13707,6503.0,73.24,1,1920,29023.09,0.34,4.65,0.59,13166.69,88,0.79,622.8187787261983,227.35714285714283,781.8192473
11,14,10,-54.220001,15465,7366.0,30.9,4,4174,34371.58,0.3,3.91,0.59,11113.51,81,1.06,812.1019721952797,224.0,5262.395867
5,11,9,2.6500001,13936,7256.0,14.27,6,297,29537.15,0.56,4.618651685393258,0.5,13060.17,69,1.03,625.9617537313433,230.85714285714283,1622.253328
1,11,6,-41.939999,21343,6081.0,70.55,12,10623,35339.0,0.68,5.0,0.42,13592.23,91,1.14,1684.1489949866466,225.0,3315.436126
8,26,9,-56.619999,15190,8304.0,5.66,14,9361,35500.58,0.35,5.49,0.86,13106.77,92,0.98,521.2187623436471,240.07142857142858,1468.465987
1,25,10,-35.040001,14640,7887.0,3.94,6,2417,34719.56,0.28,2.57,0.6,11119.27,90,0.85,840.0916666666667,226.07142857142858,2572.248851
12,25,5,-33.90573541903704,16326,7776.0,49.74,19,8536,34793.96,0.27,4.68,0.63,13220.38,97,1.65,952.336150924905,228.14285714285717,2636.608476
2,20,10,-33.90573541903704,13678,7094.0,28.0,13,6471,34786.71,0.53,4.78,0.41,13451.61,108,1.75,434.4786518496856,227.0,1097.456344
9,14,8,-14.28,13310,7046.0,0.6,9,6476,29891.65,0.14,5.04,0.61,11543.63,80,1.03,712.3561983471075,221.57142857142858,4404.194328
5,5,6,-34.040001,15805,6613.0,23.78,6,277,31193.17,0.47,4.66,0.58,13179.29,80,1.19,1100.7719076241697,229.35714285714286,2256.564198
8,4,9,-50.57,12949,6884.0,8.39,16,7341,34357.3,0.65,3.98,0.79,12677.44,80,1.24,692.3699899606147,220.57142857142858,483.0290875
12,9,11,-40.200001,15240,8482.0,5.0,3,2288,35105.97,0.96,4.3,0.63,11831.43,90,1.17,565.7884514435696,242.78571428571425,1127.188641
4,7,6,-43.540001,18620,6219.0,1.17,21,9945,34661.95,0.56,4.75,0.51,13393.22,87,1.13,930.8747583243824,226.78571428571428,1067.101674
10,4,7,-27.690001,14233,7375.0,4.64,4,3239,31913.86,0.5,4.73,0.56,12774.38,100,1.08,977.1179652919272,233.07142857142856,3304.570137
4,4,6,-40.139999,20870,7915.0,3.39,3,2103,34235.23,0.35,4.32,0.71,13211.25,88,1.31,1357.6735984666986,222.35714285714286,5013.576293
16,14,12,-23.709999,13053,6977.0,14.88,12,5993,34802.6,0.85,4.9,0.49,11355.43,80,0.96,459.8761970428254,222.07142857142858,2785.443051
4,7,8,-29.389999,13760,5948.0,4.66,18,5682,34382.23,0.27,4.66,0.61,13171.29,94,1.15,698.823909883721,229.07142857142853,1118.594927
4,7,7,-27.940001,13970,6274.0,2.92,18,7260,34731.66,0.42,4.74,0.45,13604.97,98,1.2,709.4183249821045,227.14285714285717,751.2064778
4,1,10,-51.459999,14011,6460.0,15.18,9,4263,33768.2,1.19,4.89,0.44,12693.71,97,1.28,845.6150167725359,216.57142857142856,3133.792915
1,2,7,-28.17,15848,5375.0,74.86,3,3389,34601.01,0.61,4.91,0.44,13481.45,96,1.38,992.0512367491166,227.21428571428572,1775.037333
10,4,6,-55.200001,16996,8091.0,12.11,24,9494,34570.38,0.05,4.63,0.77,13099.4,97,1.37,1088.4415156507414,225.0,3082.962662
12,9,10,-33.90573541903704,14142,8602.0,4.46,3,2669,34610.73,0.93,4.53,0.53,11769.87,92,1.17,520.4499363597794,242.2142857142857,1002.476357
17,12,6,-32.110001,18026,7891.0,69.26,5,8291,35185.98,0.57,4.87,0.43,13465.54,80,1.06,890.0449905691778,227.28571428571428,1956.943779
4,14,6,-11.13,15550,7519.0,4.69,23,17763,34557.48,0.75,4.78,0.52,11235.05,108,1.08,935.1762057877813,223.85714285714286,4303.940533
9,6,5,-8.5,12134,7648.0,7.14,7,3566,34639.91,0.52,4.73,0.51,13400.65,25,1.37,620.0067578704467,225.78571428571428,2702.632771
1,9,12,-33.90573541903704,12483,8528.0,6.2,8,6331,35216.9,0.92,4.39,0.49,11736.28,89,0.99,383.0538332131699,241.85714285714286,1135.969251
9,5,6,-16.370001,15586,6437.0,10.01,33,2461,34761.52,0.62,4.8,0.37,13485.15,75,0.04,45.980110355447195,226.64285714285717,2127.471955
18,8,13,-71.339996,10206,7789.0,4.75,8,2590,35161.22,0.13,4.45,0.62,13316.86,80,0.58,285.1746031746032,223.35714285714286,602.4660488
10,11,12,-66.830002,9825,6142.0,9.33,13,6081,32759.22,0.62,4.85,0.46,13479.49,69,0.94,431.66178117048344,227.92857142857144,490.3238739
2,7,8,-27.85,12220,5530.0,0.19,27,9397,33106.03,0.44,4.68,0.59,13206.37,97,1.07,662.8097381342062,235.3571428571429,714.6774004
10,25,12,-12.27,13884,6245.0,20.36,4,1484,34714.74,0.26,4.68,0.61,13247.61,90,1.22,681.8367185249208,225.78571428571428,2214.885493
11,14,9,-11.8,12043,7289.0,54.12,5,2313,35110.83,1.11,4.56,0.45,11931.63,80,1.04,758.280494893299,219.21428571428572,4451.579319
7,11,10,6.6199999,13487,8725.0,0.17,18,6578,34845.05,0.38,4.57,0.59,11834.57,70,0.86,169.30073404018685,244.3571428571429,2313.634337
4,14,6,-38.360001,22807,6995.0,7.8,24,9872,32892.64,0.87,4.63,0.49,11347.52,101,1.09,1573.4812996009996,222.07142857142858,7909.584263
4,4,9,-13.79,11410,7789.0,2.2,16,4741,28440.9,0.14,4.66,0.72,13084.93,100,0.98,440.3347940403155,226.3571428571429,1111.130826
12,4,7,-20.889999,13628,7999.0,15.26,14,5765,28461.63,0.06,4.71,0.85,12952.48,99,1.45,924.6266510126211,225.35714285714286,1514.538806
10,4,7,-14.65,11248,7746.0,6.52,11,6348,33405.79,0.5,4.69,0.39,13451.21,64,0.92,487.834726173542,224.42857142857142,2091.469162
20,1,11,-10.12,14089,8170.0,10.87,3,1950,35207.9,0.3,4.69,0.61,13239.1,80,0.84,358.9659308680531,228.14285714285717,1220.962747
3,8,5,-41.34,14812,7292.0,8.0,12,5139,34734.8,0.31,4.69,0.59,13263.63,83,1.44,1139.2013232514178,227.8571428571429,2568.174399
5,8,8,-47.43,17611,7206.0,408.01,1,4827,34725.06,0.51,4.79,0.57,13337.93,86,1.04,841.811140764295,228.6428571428572,2164.30108
12,8,9,-13.66,15680,7287.0,0.63,9,6315,33756.75,0.44,4.25,0.46,12593.32,90,1.08,765.3082270408163,238.50000000000003,1157.210249
9,17,10,-25.99,15265,8067.0,72.27,11,8768,31973.39,0.09,1.63,0.63,11162.8,80,1.08,573.1753029806747,227.92857142857144,1260.701634
2,20,11,-42.540001,13262,7315.0,11.27,4,543,28885.25,0.45,4.67,0.59,13195.17,92,1.18,305.7497360880712,227.35714285714283,788.2344192
2,20,13,-36.98,15571,8728.0,33.09,8,5924,34521.96,0.9,4.14,0.59,11775.92,77,1.25,340.26587887740027,241.85714285714286,1928.363679
5,8,12,-60.790001,11980,7638.0,0.61,9,4121,35137.85,0.56,4.77,0.41,13454.66,68,0.41,133.36227045075125,224.92857142857142,637.1374945
12,27,9,-44.919998,13971,7997.0,4.98,7,2311,34735.75,0.31,4.68,0.62,13456.54,86,1.44,1018.5506406126977,226.78571428571428,1828.47005
5,1,10,-53.040001,12697,7457.0,187.68,3,2282,35230.46,1.14,3.91,0.48,12277.65,100,1.35,471.4898794990943,221.71428571428572,1464.560798
4,14,6,-45.099998,17845,7038.0,12.32,4,3983,34290.24,1.1,4.62,0.45,11911.21,104,1.16,1291.7511908097506,220.64285714285714,7269.339425
12,25,6,-14.43,18273,8920.0,23.27,3,4461,35272.39,0.48,4.64,0.57,13158.92,89,1.58,1090.0426859300608,227.78571428571428,3502.676733
3,1,8,-33.90573541903704,12613,6395.0,10.56,9,6075,34404.43,1.09,5.02,0.44,12411.92,93,1.21,880.6691508760803,217.71428571428572,3970.884139
8,1,11,-32.419998,12980,6334.0,0.72,4,2450,35185.42,0.18,4.87,0.52,13500.53,76,1.59,581.924499229584,228.57142857142856,717.5028862
10,11,12,-26.49,9570,6102.0,0.46,11,2628,35313.77,0.48,4.65,0.58,13166.54,69,0.83,260.453605015674,229.28571428571425,211.8345344
4,14,6,-35.59,12130,7756.0,3.35,28,13120,34599.59,0.13,3.38,0.62,11099.22,104,1.14,912.8352844187964,225.57142857142858,2541.509207
3,1,6,-42.880001,17565,6440.0,10.4,4,3135,34098.48,0.29,4.69,0.6,13239.05,90,1.48,1200.321662396812,228.07142857142856,5410.382164
12,17,12,-29.299999,13843,7935.0,4.96,10,5937,35337.23,0.0,2.06,0.64,11186.02,80,1.25,805.9266777432638,228.21428571428572,5694.299028
21,25,9,-40.66,13600,7894.0,7.99,10,4514,35190.53,0.56,4.75,0.4,13457.7,87,2.24,1114.5507352941177,226.78571428571428,3633.961109
7,11,11,-36.639999,13288,8965.0,5.03,9,5986,33430.98,0.15,4.6,0.75,11850.01,69,1.11,172.13576158940398,244.07142857142858,1454.146041
1,1,6,-15.12,15425,5839.0,567.7,1,3772,31380.2,0.49,4.66,0.59,13170.5,96,1.55,1031.3465153970826,229.21428571428575,1317.218908
12,9,11,-32.830002,11127,8492.0,3.11,6,4867,34726.14,0.89,4.618651685393258,0.48,11644.48,92,1.38,341.4442347443156,242.71428571428575,315.8578354
9,11,6,-51.830002,16964,7775.0,52.63,7,1864,34714.74,0.6,4.86,0.58,12629.66,70,0.89,461.2617896722471,235.21428571428567,3356.775143
8,26,10,-59.66,13027,8044.0,46.46,9,9899,34400.76,0.24,5.07,0.92,12993.86,87,0.85,186.3297766177938,231.14285714285714,1085.913586
1,1,11,-31.68,10749,5800.0,0.69,6,9712,32881.52,0.42,4.72,0.59,13272.11,95,1.23,411.09554377151363,226.78571428571428,405.6472
23,4,10,-46.360001,10824,6731.0,1.1,9,5245,35169.83,0.18,4.49,0.57,13358.84,95,0.84,536.8397080561715,243.57142857142858,836.5984835
4,14,7,-24.780001,11664,6730.0,0.42,15,6279,34752.38,1.02,5.0,0.45,11924.49,110,1.19,943.8109567901234,218.35714285714286,4057.135127
10,6,12,-38.77,12930,7094.0,5.24,4,2131,34742.11,0.14,4.87,0.5,11673.67,67,1.22,467.2010827532869,223.85714285714283,1910.528491
12,7,12,-36.720001,11247,7546.0,7.24,6,1010,30561.77,1.65,5.2,0.86,11951.84,80,1.06,354.0801991642216,244.21428571428572,734.9410991
12,27,9,-62.369999,12336,8013.0,0.89,3,1075,35216.9,0.18,4.64,0.67,13309.81,90,1.07,570.5211575875486,224.85714285714286,1172.259745
5,18,11,-38.450001,12875,7478.0,227.76,1,3954,34960.82,0.47,4.64,0.57,13147.24,76,0.41,140.76069902912622,229.8571428571428,573.5786895
1,11,7,-32.029999,21254,5685.0,62.97,2,4676,32897.83,0.29,4.68,0.62,13216.42,83,1.08,1658.5726921991154,228.5,1758.291183
4,1,10,-44.52,12895,6413.0,12.75,13,7319,35109.27,0.5,4.83,0.56,13280.73,100,1.32,761.5783637068631,228.57142857142856,1128.294646
3,5,8,-16.139999,19419,6394.0,13.44,16,2382,34589.38,0.46,4.67,0.59,13207.6,69,0.94,1041.0915083165971,229.42857142857147,2414.029859
15,19,9,-61.299999,12378,5907.0,11.99,15,4986,31388.86,0.06,4.61,0.73,13170.64,83,0.88,768.70584908709,226.71428571428572,690.7747681
5,11,6,-10.57,13262,6087.0,18.48,14,5383,34531.66,0.47,4.64,0.57,13160.76,70,0.92,656.8384104961544,229.7857142857143,1139.134349
9,6,5,-5.6900001,16979,8782.0,5.08,4,6132,32627.37,0.47,4.65,0.58,13177.63,78,1.85,1307.5370752105541,227.57142857142856,5772.391307
6,5,9,-21.299999,15214,7217.0,4.42,8,4443,34682.66,1.23,4.02,1.81,12395.72,64,0.9,616.2942027080321,217.35714285714283,2445.046944
8,26,9,-37.049999,11565,7906.0,7.47,16,7375,33126.6,1.08,5.49,0.83,12691.94,47,0.67,237.82516212710766,242.78571428571425,342.419261
12,25,6,-18.959999,13836,7681.0,14.18,6,3570,30755.07,1.47,4.08,0.42,12244.14,90,1.32,892.150910667823,225.92857142857144,1608.426859
13,15,13,-2.04,9150,5146.0,10.47,5,3779,35210.29,0.3,4.69,0.6,13252.12,70,1.9,429.5115846994536,228.0,598.1595062
6,4,9,-65.610001,14407,7200.0,93.88,9,7158,34559.0,0.68,5.0,0.42,13592.23,96,0.9,738.5026723120706,225.0,3019.078942
1,26,11,-55.75,12402,8443.0,24.18,27,12059,34755.29,0.24,5.11,0.92,12995.64,93,0.8,237.01556200612805,232.14285714285717,786.4869962
9,17,11,-10.42,11057,6265.0,0.49,24,14703,34745.94,0.8,5.15,0.44,13239.01,77,1.13,389.5742968255404,214.78571428571428,569.3138327
2,2,9,-20.040001,15078,5879.0,0.43,32,10231,33143.52,0.47,4.64,0.57,13168.79,110,2.22,956.4312243003051,229.8571428571428,1293.777093
5,8,10,-56.200001,17042,7630.0,0.66,14,4721,35185.98,0.45,4.75,0.56,13312.97,80,1.07,705.0228846379533,228.3571428571429,1522.073696
2,2,13,-33.90573541903704,10218,6389.0,4.07,6,2961,28764.37,0.53,4.78,0.41,13451.61,100,1.48,432.3013309845371,227.0,424.0521037
24,4,6,-48.290001,10782,6701.0,0.26,25,12410,34633.59,0.64,4.07,0.56,12677.36,95,1.4,710.328324986088,220.7857142857143,830.215801
10,11,12,-42.68,9152,6154.0,83.33,3,2766,34111.39,0.26,4.68,0.61,13255.17,69,1.13,303.93509615384613,227.71428571428572,247.5099139
10,11,11,-47.709999,10232,6423.0,0.18,11,5488,35190.53,0.41,4.78,0.6,13238.79,70,1.15,816.0282447224394,230.7857142857143,679.6426083
5,8,13,-20.74,12300,7565.0,12.81,6,9144,31757.82,1.24,4.91,0.97,12591.21,86,0.38,172.45715447154473,243.35714285714283,958.5347519
16,14,12,-33.90573541903704,14600,7283.0,5.22,5,3519,35012.49,0.1,3.77,0.62,11137.39,80,1.06,910.8762328767124,224.57142857142856,8444.751759
1,5,7,-24.9,15114,6434.0,8.85,9,2971,28589.71,0.26,4.68,0.62,13263.35,78,1.12,1406.9268228132858,225.8571428571429,2753.767962
3,8,7,-57.77,15020,6266.0,0.72,2,2825,34261.43,0.28,4.68,0.62,13204.97,90,1.22,1103.0974034620506,228.5,1504.99761
1,20,11,-33.90573541903704,14855,8105.0,314.32,8,8930,34765.36,0.28,4.68,0.62,13204.97,84,1.48,380.4022214742511,228.5,1237.400263
1,5,7,-36.860001,18189,6585.0,14.78,22,12274,34708.68,1.24,3.75,1.8,12457.46,76,0.39,469.1505855187201,218.5,2158.870388
1,8,8,-27.02,14080,6956.0,1.94,20,7096,33828.42,0.47,4.66,0.58,13184.96,86,0.76,821.0107244318182,229.6428571428572,1666.91744
8,30,8,-45.799999,9473,5648.0,20.42,7,1746,34879.27,0.59,4.56,0.31,13507.64,87,1.27,648.3565924205637,225.8571428571429,565.7296862
4,1,11,-50.650002,11723,6535.0,19.33,9,6053,35438.36,0.58,4.47,0.49,13536.45,99,1.21,638.6560607353067,218.14285714285714,1555.761614
10,11,13,-28.26,10370,6525.0,17.1,5,5212,29736.88,0.26,4.68,0.61,13255.17,69,0.94,340.54281581485054,227.71428571428572,715.1025636
3,8,5,-34.740002,14956,7300.0,9.15,12,5082,33696.46,0.31,4.66,0.61,13182.77,80,1.47,1113.0044129446376,229.07142857142853,2469.849333
12,9,11,-14.26,13866,8628.0,4.32,4,2505,34727.69,0.9,4.36,0.48,11683.91,91,1.29,505.8878551853455,241.2857142857143,607.2159774
4,4,8,-11.28,11380,6655.0,24.07,6,534,35185.86,0.54,4.44,0.25,13493.47,98,0.98,597.0320738137083,225.35714285714286,1053.833259
1,1,9,-0.19,11623,5944.0,6.63,10,6433,33757.01,0.35,4.65,0.6,13164.73,100,1.83,866.0638389400327,229.42857142857147,1039.036555
12,25,6,0.80000001,12286,8279.0,16.71,22,8267,33164.9,1.74,3.91,0.6,11468.38,92,1.52,681.4498616311248,226.2857142857143,1481.044527
12,4,6,-31.360001,19966,7852.0,3.25,20,11182,32152.96,0.17,4.85,0.87,12869.52,99,1.33,781.2300911549635,230.49999999999997,4153.992822
9,11,9,-17.639999,16070,8395.0,39.83,11,8248,34771.54,0.88,4.55,0.77,11821.01,71,1.02,291.25376477909145,243.07142857142858,1597.517198
3,1,6,-49.860001,18867,6361.0,0.19,9,5536,34589.69,0.29,4.68,0.63,13203.24,88,1.31,1241.6278157629724,226.42857142857144,5038.05816
8,6,12,-17.290001,14515,6210.0,18.9,19,9558,35025.42,0.3,5.11,0.38,12666.11,72,1.28,635.6816396830865,218.78571428571428,1196.98619
25,4,7,3.3699999,19590,6932.0,9.13,5,2191,29198.18,1.41,5.17,0.65,12748.89,94,1.12,654.2946401225115,242.64285714285714,1857.675072
1,5,7,-39.639999,15093,6425.0,1.39,6,4806,29605.94,0.5,4.74,0.6,13275.54,75,1.17,1024.6375803352548,229.21428571428575,1745.396318
9,16,8,-20.110001,14425,7071.0,6.29,8,6269,35143.87,1.06,3.82,1.64,12576.4,75,0.63,419.06641247833625,218.57142857142856,2106.236789
3,5,6,-26.68,16913,6455.0,8.3,13,5518,32987.99,0.17,4.48,0.52,13346.62,76,1.08,1517.8444983149056,225.5,3474.159355
2,20,11,-31.82,15515,8262.0,25.54,7,2627,34833.46,0.62,4.76,0.46,13487.45,83,1.18,265.397615211086,227.28571428571428,1323.963058
1,5,6,-26.48,17671,6431.0,41.29,9,5150,34167.78,1.4,3.61,1.84,12368.37,77,1.01,1234.9380340671157,218.57142857142856,2351.924399
16,14,9,-33.90573541903704,13735,7123.0,16.16,6,5201,29237.25,1.02,4.81,0.45,11699.89,80,0.95,832.3886421550783,220.7857142857143,3226.084097
9,14,10,-50.419998,12407,7238.0,35.78,2,3071,34069.93,0.91,4.92,0.47,11470.5,84,1.08,584.8516160232127,221.57142857142858,3481.344425
12,7,11,-32.23,12023,6048.0,10.62,10,472,34661.95,0.31,4.68,0.62,13456.54,90,1.06,664.1595275721534,232.78571428571433,1649.383242
10,11,11,-30.08,11690,6566.0,6.76,9,4298,35301.13,0.44,4.74,0.44,13178.65,70,0.94,431.61625320787,231.57142857142858,551.7167452
1,25,10,-16.18,14541,7922.0,0.51,21,16291,33295.01,0.26,2.54,0.6,11113.49,90,0.85,725.8264906127501,225.85714285714286,2081.978448
9,1,8,-66.400002,12734,6935.0,9.48,11,6031,34582.87,0.62,4.91,0.44,13478.62,2,1.67,749.5946285534789,227.28571428571428,1025.3764
12,25,6,-23.200001,19466,8988.0,6.1,6,4061,30034.49,1.41,4.1,0.6,11974.57,89,1.56,1330.2126785163875,222.57142857142858,4642.388947
8,26,7,-39.209999,13216,6341.0,16.84,7,4143,27656.3,0.28,4.68,0.62,13204.97,98,0.95,935.9748789346247,228.5,467.087435
2,2,13,-10.84,12095,5907.0,3.21,15,6596,34748.79,1.19,6.29,0.5,12161.64,82,1.39,534.1698222405953,235.5,1202.434749
1,1,7,-55.130001,11881,7041.0,81.85,8,5519,34636.68,0.49,4.66,0.58,13167.66,99,1.25,700.9450382964397,229.28571428571425,2325.827378
8,4,10,-15.81,11559,6544.0,34.14,10,1739,34776.92,0.29,4.69,0.61,13227.81,81,1.17,642.5585258240333,240.2142857142857,539.436705
2,20,13,-34.509998,13373,8496.0,2.59,19,9760,34556.0,0.86,4.04,0.51,11741.27,82,1.34,373.85852090032154,243.2857142857143,1497.412558
3,5,9,-19.93,16792,6398.0,172.2,1,5999,29639.34,0.29,4.69,0.6,13239.05,63,0.83,648.1205335874225,228.07142857142856,2540.652486
5,16,8,-17.969999,13531,7072.0,14.99,7,652,35039.79,1.04,3.83,1.62,12590.12,75,0.71,384.2399674820782,218.57142857142856,1374.034842
12,25,7,-28.559999,13474,7884.0,16.96,12,6524,33442.24,0.53,4.78,0.41,13451.61,86,1.38,765.9411459106427,227.0,2795.902594
5,15,10,-24.620001,11206,5511.0,5.71,6,1051,30671.68,0.43,4.68,0.58,13182.01,92,1.39,467.4008566839193,242.92857142857142,695.823792
8,26,9,-24.9,11807,7767.0,1.09,4,3055,31199.11,0.47,4.66,0.58,13199.38,88,0.96,457.79546032014906,227.5,694.1552417
12,25,7,-26.709999,13578,7085.0,40.04,7,5532,31803.97,1.46,4.12,0.37,12300.28,97,1.27,780.1071586389749,227.00000000000003,2015.587568
10,4,7,-37.209999,15667,6894.0,14.37,7,5158,27589.48,0.31,4.69,0.61,13250.88,91,1.25,862.897810684879,228.14285714285717,2327.256242
3,8,9,-44.869999,16485,6288.0,1.01,6,447,28411.17,0.29,4.68,0.63,13203.24,83,1.04,1124.1150136487715,228.42857142857144,1806.121456
10,4,6,-46.610001,16725,8080.0,22.65,17,11321,34812.56,0.05,4.63,0.77,13109.57,99,1.38,1149.8752765321376,224.92857142857142,2685.366122
10,11,9,-64.650002,10676,6212.0,8.52,3,805,34833.35,0.56,4.75,0.4,13457.7,70,1.11,669.3305545147996,224.78571428571428,580.0828363
10,11,11,-38.560001,11537,6046.0,10.53,10,5957,34438.02,0.63,4.82,0.38,13487.06,70,1.13,917.0016468752709,226.78571428571428,624.3359115
4,5,6,-31.5,19040,6582.0,21.27,14,6371,35007.5,1.29,3.91,1.9,12358.09,78,1.13,1296.1256302521008,217.57142857142856,4525.876657
8,26,9,-54.639999,13573,8375.0,0.8,15,5875,32806.21,0.36,5.42,0.87,13049.65,89,0.97,475.3907021292271,239.50000000000003,1006.170124
4,8,6,-32.23,14861,6708.0,0.44,16,6483,34812.56,1.19,3.8,1.78,12479.36,95,1.42,970.7558710719333,218.35714285714283,2666.898878
12,9,10,-10.97,13286,9042.0,14.7,17,7704,34321.42,0.88,4.27,0.47,11609.62,91,1.07,330.76012343820565,242.14285714285714,579.7260114
10,14,11,-13.14,12888,7640.0,15.23,7,4877,27583.7,0.67,3.41,0.54,11260.89,79,1.05,620.2358783364369,223.92857142857142,2431.609485
5,8,13,-38.299999,10100,7582.0,9.71,8,8614,34634.34,1.24,4.93,0.97,12592.76,86,0.39,111.88118811881188,243.42857142857142,478.1745175
1,1,7,-47.060001,12760,7007.0,6.47,12,6463,30777.96,1.2,4.72,0.45,12563.55,100,1.42,944.9797805642634,216.57142857142858,2929.769762
9,1,9,-51.0,12845,6719.0,9.09,4,4695,29496.23,0.49,4.66,0.59,13170.5,89,1.65,755.7791358505254,229.21428571428575,1740.338768
5,11,5,-25.459999,21514,6911.0,6.18,23,10831,33446.01,0.63,4.82,0.38,13487.06,80,0.79,620.7045179882867,226.78571428571428,3575.037996
10,11,7,-43.73,11539,7571.0,42.31,27,10759,34285.15,0.53,4.8,0.6,12688.94,70,1.1,492.90831094548923,234.3571428571429,1937.647336
1,1,7,-48.48,12667,6714.0,10.64,3,2575,34564.91,0.59,4.56,0.31,13507.64,99,1.23,863.661798373727,223.85714285714286,2943.45403
4,7,8,-47.959999,15445,5888.0,204.77,1,3086,34285.5,0.26,4.58,0.57,13273.95,91,1.14,766.0828099708643,226.5714285714286,1268.545581
4,4,8,-36.02,12512,7742.0,93.45,11,5916,35761.7,0.63,4.83,0.63,12601.6,101,0.99,603.52797314578,237.99999999999997,2417.129505
13,15,13,-35.950001,11364,5459.0,6.33,32,11479,33367.4,0.48,4.65,0.58,13183.12,58,4.14,534.90425906371,229.7857142857143,1012.636127
4,8,5,-43.18,15645,6981.0,45.38,3,5652,32928.36,0.29,4.69,0.6,13275.93,95,1.44,1291.1658676893576,227.8571428571429,3916.020999
7,11,12,-5.6999998,13239,8957.0,14.09,4,986,34654.38,0.35,4.66,0.76,11840.69,69,0.5,89.42208626029156,244.8571428571429,944.0991953
3,5,6,-23.32,16109,6523.0,1.51,5,3558,34702.96,0.56,4.75,0.51,13393.22,77,1.19,1140.9482897759017,226.78571428571428,3187.030361
5,11,5,-73.519997,14889,7543.0,12.81,8,5377,33426.54,0.49,4.66,0.58,13167.66,92,0.87,399.2786620995366,229.28571428571425,2788.323309
10,4,9,-22.32,13776,6723.0,9.99,14,5506,35330.63,0.49,4.66,0.58,13167.66,94,0.82,634.8381968641115,229.28571428571425,1178.496596
5,5,7,-30.540001,15034,7211.0,125.83,1,3509,34679.94,1.24,4.1,1.78,12381.15,79,1.14,1251.7899427963284,217.1428571428571,2446.118353
5,1,10,-48.080002,12056,6600.0,2.88,19,3254,34897.14,0.5,4.42,0.49,13834.17,102,1.61,577.8552587923026,217.5,1398.284682
4,1,10,-30.690001,14631,6661.0,49.46,39,15667,34594.03,0.62,4.8,0.37,13485.15,101,1.39,780.4236210785319,224.64285714285714,2946.942466
1,26,11,-66.260002,12690,8355.0,411.29,1,559,30823.23,0.24,5.1,0.92,12995.7,86,0.71,254.86895193065405,232.00000000000003,762.880662
10,11,12,-28.93,9556,6603.0,238.9,2,7541,33937.75,0.45,4.72,0.58,13284.4,68,1.02,278.3926329007953,226.64285714285717,519.0145369
3,8,7,-54.330002,14852,6252.0,68.71,7,6686,27167.79,0.29,4.68,0.62,13196.24,91,1.38,1129.2032049555614,228.57142857142856,1703.10984
1,8,9,-38.939999,18090,6729.0,10.88,5,4096,34557.48,0.76,5.76,0.2,13697.88,89,1.07,1187.963184079602,223.92857142857142,1999.640558
7,11,11,-33.90573541903704,12642,8721.0,3.52,5,3981,34692.64,0.96,4.29,0.7,11825.96,69,0.61,81.03282708432211,242.50000000000003,769.5577622
10,4,7,-32.900002,14022,8026.0,4.99,20,8276,33955.08,0.04,4.55,0.75,13166.14,96,0.95,760.5109827414063,223.85714285714286,2220.562836
4,4,6,-54.459999,27797,7698.0,19.62,9,4977,30173.22,0.67,5.04,0.56,12583.59,81,1.24,1509.1689031190417,237.85714285714286,8230.697526
2,2,13,-34.16,11720,5933.0,1.87,8,5327,34784.76,1.2,6.24,0.52,12169.78,80,1.33,472.1782423208191,235.85714285714283,864.0738852
5,11,7,-38.84,18523,6750.0,26.14,7,6084,34788.79,0.69,4.51,0.39,13070.27,68,0.89,803.9569184257409,231.42857142857147,2802.056243
4,1,12,-24.940001,11610,6135.0,5.71,5,2655,29564.69,0.72,4.37,0.57,12552.3,101,2.35,397.09397071490093,219.85714285714286,1096.842131
16,4,8,-30.700001,12164,7413.0,18.24,11,8461,35185.42,0.67,5.12,0.5,12604.33,101,0.92,537.1617066754358,237.5,1791.624863
12,25,6,-23.129999,12607,8241.0,6.56,17,8389,33148.96,1.73,3.92,0.6,11490.13,92,1.35,769.04196081542,226.14285714285717,1528.044578
1,8,8,-55.41,13693,6951.0,15.88,12,4426,34661.95,0.47,4.68,0.59,13214.46,87,0.94,792.2635653253487,229.42857142857147,1862.166746
4,29,8,-56.970001,13446,6462.0,21.51,11,6321,31658.89,0.81,4.8,0.43,12763.1,101,0.97,890.0666369180425,242.2857142857143,994.8978698
1,5,5,-34.389999,16403,6843.0,33.67,11,3671,34719.56,0.68,5.08,0.4,13595.4,76,1.11,1120.231055294763,235.07142857142856,3286.239
1,17,6,-42.849998,11061,6460.0,35.42,9,5384,35313.66,0.8,5.16,0.45,13070.26,80,0.96,633.6099810143749,215.35714285714286,1619.358959
27,13,12,-72.839996,11988,6603.0,10.61,17,8517,34755.29,0.47,4.74,0.38,13639.37,72,0.94,419.07315648982313,226.71428571428572,551.7185592
12,4,6,-41.650002,14749,7888.0,2.05,11,4138,33645.53,0.62,4.76,0.46,13487.45,91,1.45,1251.0473930435962,241.2857142857143,2432.173196
10,6,12,-30.08,11790,6388.0,186.89,27,7692,34805.43,1.2,5.29,0.82,11311.12,60,1.22,568.8905852417303,210.07142857142856,1991.387171
5,8,10,-13.9,17144,7796.0,9.76,25,9750,34828.16,1.22,5.01,0.97,12615.97,75,0.86,703.5473051796547,243.64285714285714,1517.319511
2,2,13,-12.24,11150,6143.0,11.69,13,7580,34789.16,1.39,6.86,0.41,11950.4,103,1.47,508.07497757847534,223.57142857142856,1305.191813
9,5,9,-33.90573541903704,15958,6974.0,0.79,4,4865,32599.43,1.21,3.99,1.79,12436.2,79,0.86,619.9381501441284,217.57142857142856,2894.767864
2,20,11,-31.33,14491,7820.0,9.42,4,4385,31208.55,0.77,4.38,0.5,11753.31,92,1.08,307.57049202953556,244.0,2036.607955
12,22,5,-49.200001,13688,6393.0,7.09,22,7391,35147.34,0.63,4.92,0.45,13484.58,100,1.2,1050.312755698422,225.42857142857144,1414.675772
12,4,6,-55.700001,20109,8090.0,3.96,10,4836,34505.65,0.31,4.37,0.75,13128.77,97,1.48,1262.078870157641,222.2142857142857,3177.482772
2,7,10,-26.559999,13995,8893.0,56.15,6,4187,34966.92,0.43,4.57,0.57,11824.99,89,0.99,494.78720971775635,244.14285714285717,2370.777971
4,7,8,-34.77,12398,6004.0,12.31,16,9999,34355.73,0.56,4.5,0.28,13500.49,96,1.12,642.1038877238265,241.85714285714286,854.8747474
5,8,12,-65.910004,12710,7692.0,2.61,16,3609,35056.46,0.31,4.68,0.62,13209.54,68,0.52,150.4516129032258,228.5,1067.098372
2,20,12,-32.43,16361,8115.0,2.85,7,4433,34179.95,0.31,4.66,0.61,13182.77,71,1.16,307.7821649043457,229.07142857142853,1430.782642
12,25,6,-43.299999,14302,7792.0,13.61,4,5061,33238.32,1.46,4.09,0.41,12253.81,92,1.33,926.2641588589008,225.64285714285717,2544.72524
1,8,9,-47.700001,16406,6746.0,62.91,5,6392,34812.8,0.76,5.84,0.19,13705.78,89,1.11,1367.5650371815188,223.85714285714286,1906.698513
1,1,7,-39.400002,11890,6357.0,0.03,5,3197,34998.16,0.31,4.69,0.59,13269.06,100,1.24,880.7783851976451,227.8571428571429,2091.234148
3,4,6,-54.0,13611,7869.0,27.65,12,6011,35200.81,0.51,4.83,0.44,13600.97,90,1.08,926.2531775769598,227.07142857142856,1575.091143
4,1,9,-31.52,13005,6367.0,0.11,10,5662,34842.89,0.29,4.68,0.63,13203.24,99,1.66,872.8517493271819,228.42857142857144,1461.046372
15,12,9,-48.889999,14761,7893.0,6.97,8,3661,34111.76,0.75,4.61,0.61,12749.47,80,1.23,619.5203576993429,218.85714285714286,1188.713132
7,11,11,-47.82,12895,8831.0,7.92,13,4617,34049.57,0.26,4.42,0.71,11849.72,69,0.75,82.04552151996899,244.5,823.0556071
11,6,12,-27.120001,12077,5394.0,472.98,1,7929,33723.09,0.55,4.71,0.38,13462.05,70,0.98,557.2956860147387,224.42857142857142,1275.48471
4,14,6,-0.54000002,13763,7424.0,8.53,4,4051,34617.18,0.8,4.23,0.51,11305.23,108,1.03,1001.337135798881,223.28571428571428,3092.074435
1,5,6,-16.200001,21144,6515.0,436.53,1,4540,34673.18,0.65,5.14,0.4,13591.62,73,1.15,1189.6102913356035,227.14285714285717,3058.949337
10,11,10,-51.509998,11050,7565.0,4.28,4,5462,35273.14,0.42,4.61,0.58,13031.53,70,1.16,547.9588235294118,230.42857142857147,1182.054789
16,12,10,-57.009998,15420,7901.0,13.75,24,10337,34589.6,0.76,4.69,0.6,12652.54,82,1.37,738.5677042801557,218.42857142857142,1997.615956
8,4,10,-41.259998,12994,6946.0,704.57,1,8261,34601.01,0.72,3.88,1.03,12670.27,80,1.16,627.9844543635525,220.2142857142857,436.6747577
1,20,12,-28.5,15965,8292.0,6.24,24,363,34774.38,0.43,4.68,0.58,13182.01,85,1.27,388.2123394926401,226.92857142857144,1577.474859
1,26,11,-58.32,13011,8224.0,246.03,2,1365,35185.98,1.14,5.61,0.85,12753.58,87,0.8,264.0156790408116,243.50000000000003,938.7745778
2,6,10,-25.860001,14825,8781.0,1.03,12,2871,34761.52,1.15,4.11,0.66,11894.91,77,1.32,522.1515008431703,223.78571428571428,3012.855192
8,6,10,-17.389999,12182,7679.0,4.13,12,604,34675.16,1.07,3.97,0.45,11248.15,98,1.41,594.9927762272205,228.35714285714286,2867.646563
4,1,12,-55.099998,10517,6095.0,397.81,1,4874,30192.8,0.57,4.77,0.42,13241.03,100,0.81,320.33326994390035,220.2857142857143,2002.704658
10,4,11,-53.419998,13570,7980.0,1.12,12,1560,34732.38,0.04,4.66,0.83,13013.93,76,0.8,486.1322033898305,224.92857142857142,1238.255076
2,7,8,-47.389999,15385,6392.0,2.37,15,10440,35280.36,0.21,4.54,0.56,13314.84,95,1.16,859.529541761456,226.5714285714286,1217.07007
8,26,8,-25.299999,16251,8238.0,49.76,5,3885,35313.77,0.42,4.84,0.72,12587.52,89,1.04,637.6065472893976,220.14285714285714,1174.732506
4,14,5,-33.90573541903704,20741,6555.0,0.85,16,10053,35169.1,0.06,4.61,0.73,13169.32,108,1.2,1621.5837230606046,226.64285714285717,8880.671151
8,6,10,-24.33,14359,8670.0,27.46,14,6116,28353.2,1.16,2.93,0.45,11819.01,93,1.27,434.6732362977923,230.85714285714286,3014.682988
9,11,6,-22.309999,15295,7126.0,600.19,1,5374,34320.13,0.72,4.86,0.27,12764.71,70,1.03,764.0691729323308,233.92857142857144,3239.216718
5,18,9,-57.66,18831,7101.0,39.44,11,5907,28402.75,0.47,4.74,0.58,13276.99,90,1.11,764.2458180659551,228.92857142857142,2805.410359
2,7,8,-33.90573541903704,14165,6407.0,9.45,16,9039,35326.04,0.37,4.61,0.57,13213.26,95,1.2,851.1252382633251,227.92857142857144,1299.256084
12,25,7,-37.650002,18129,8939.0,3.02,8,4088,32170.72,1.73,4.0,0.65,11518.81,87,1.36,1267.3555077500139,224.28571428571428,3265.787761
2,20,12,-36.720001,16690,9067.0,6.46,16,7212,34250.42,0.27,4.57,0.66,11857.84,73,0.74,285.45350509287,245.0,1830.203588
12,9,11,-25.23,13639,8442.0,30.32,3,2829,34579.27,0.91,4.51,0.49,11650.92,90,1.09,542.532443727546,240.99999999999997,534.7422141
9,14,11,-30.030001,9104,6958.0,33.74,11,5571,34521.71,0.14,4.98,0.54,11633.39,84,1.12,459.67574692442884,222.64285714285717,2181.872394
23,11,11,-49.009998,11017,6598.0,535.51,1,6201,34350.94,0.44,4.8,0.63,13303.38,70,0.96,478.14486702369067,230.00000000000003,643.7378028
3,5,9,-21.139999,11929,6385.0,8.92,10,5340,33268.28,0.47,4.64,0.57,13179.22,71,0.89,517.4699471875261,229.7142857142857,1314.506309
8,11,8,-36.91,13160,8731.0,159.18,14,3616,33915.34,0.71,4.46,0.49,11953.71,67,2.97,472.18244680851063,245.78571428571428,922.6705348
9,14,8,-32.369999,11210,6595.0,0.43,18,8370,33492.45,0.65,5.12,0.54,11958.81,82,1.06,711.8936663693131,218.85714285714286,4620.614934
8,4,12,-33.90573541903704,12540,6575.0,2.34,19,7815,33131.2,0.29,4.68,0.62,13196.24,83,1.12,599.2819776714514,228.57142857142856,662.9539522
4,4,9,-31.35,16947,7676.0,30.58,5,438,29852.84,0.06,4.71,0.83,12969.47,100,0.92,862.6109635923763,225.92857142857144,2650.049533
10,16,6,-34.349998,13736,6600.0,307.42,1,484,34589.6,0.55,4.71,0.38,13462.05,80,0.71,508.1140069889342,224.42857142857142,1587.049327
8,23,13,-40.880001,11000,6217.0,20.66,1,1791,32718.75,0.39,4.72,0.58,13268.2,79,1.07,508.22854545454544,228.57142857142856,245.2246417
7,11,11,-46.360001,12800,9022.0,1.29,31,14985,35039.79,0.56,4.84,0.8,11836.17,68,0.55,106.150078125,245.21428571428572,555.4331335
8,1,11,-33.90573541903704,15111,6318.0,41.96,15,10042,33923.5,0.26,4.78,0.52,13552.73,78,1.24,789.0397723512673,227.78571428571428,1107.986767
1,20,13,-47.549999,13948,8123.0,4.89,9,3073,34653.08,1.0,5.95,0.44,11644.36,84,1.31,353.7181674792085,240.42857142857142,1203.425998
10,4,9,-57.98,12350,6634.0,65.03,2,5024,34805.43,0.56,4.79,0.42,13451.81,98,0.89,578.7065587044534,227.0,1397.143066
3,5,8,-28.23,17275,6408.0,22.69,7,3927,34634.34,1.16,3.74,1.71,12509.37,72,0.91,888.5189580318379,218.85714285714286,2901.399644
17,16,7,-1.1,16188,7040.0,29.11,7,4437,27888.26,1.05,3.82,1.63,12585.78,80,0.94,300.4200642451198,218.64285714285714,1720.426026
1,33,11,-72.230003,13945,8016.0,19.44,13,6271,34680.61,0.89,4.64,0.94,12940.17,79,0.93,344.21972032986736,243.2857142857143,953.7184041
9,6,7,-26.780001,17713,8394.0,1.49,24,2516,34661.95,0.72,2.51,0.53,12088.5,89,1.74,1377.8405690735617,230.49999999999997,5258.248058
17,12,6,-43.029999,18919,7899.0,115.46,2,7579,30979.92,0.54,4.83,0.42,13453.26,80,1.07,959.4323167186426,226.92857142857144,2109.53482
16,4,9,-22.1,17682,6753.0,10.2,5,4320,34671.63,0.26,4.68,0.61,13255.15,96,0.92,925.7073860423029,228.0,1770.116867
1,11,12,-70.739998,11019,6515.0,1.7,9,5592,34895.95,0.37,4.77,0.44,13229.74,69,0.92,328.37889100644344,231.28571428571428,340.3033477
7,11,13,-8.8199997,14328,8640.0,15.28,2,2721,34850.7,0.93,4.22,0.66,11806.83,71,1.23,485.6282104969291,242.2142857142857,1536.894674
8,1,9,-15.95,16753,6103.0,525.5,1,4768,34779.81,0.3,4.84,0.54,13355.79,37,1.27,878.67355100579,230.14285714285714,1071.104173
7,11,11,16.24,12425,8961.0,37.23,8,3651,34589.6,0.31,4.37,0.68,11855.48,69,0.57,98.83750503018109,244.35714285714283,1593.299778
12,4,6,-41.25,14296,7626.0,22.23,5,3462,34289.8,0.52,4.69,0.52,12821.43,98,1.46,1021.1556379406827,232.6428571428571,2624.514598
1,6,6,-43.099998,17390,7325.0,17.24,2,5227,33244.59,0.3,4.69,0.6,13252.12,92,1.63,861.5187464059804,228.0,8526.300624
4,1,10,-54.57,13517,6297.0,5.85,5,3278,33424.88,0.47,4.68,0.59,13214.46,99,1.47,714.6078271805874,229.42857142857147,1580.059715
4,7,7,-36.07,15998,6156.0,31.14,3,4184,34207.25,0.31,4.67,0.62,13194.92,95,1.25,771.3232279034879,228.6428571428572,1163.827045
5,34,11,19.969999,9034,5879.0,502.4,1,363,34732.74,0.44,4.63,0.58,13191.99,15,1.16,543.9054682311269,235.92857142857144,486.9787394
5,11,9,-7.75,13023,7260.0,2.26,6,4724,34521.71,0.56,4.58,0.5,13052.83,69,0.79,599.3220456116102,230.85714285714283,887.8860576
12,22,10,-33.90573541903704,10633,6259.0,1.27,19,7462,33858.07,0.44,4.68,0.59,13206.37,100,1.13,733.6297376093295,229.35714285714286,1165.132832
7,11,12,-47.02,12946,8951.0,0.44,14,3852,34833.35,0.52,4.44,0.27,13487.18,75,0.69,84.16136258303723,225.35714285714286,620.7363435
12,4,6,-39.529999,13932,7785.0,4.61,5,3297,34735.2,0.17,4.68,0.74,12989.04,101,1.5,907.7329888027563,229.35714285714286,2580.769723
29,14,12,-49.82,8765,6609.0,563.81,1,12780,30206.05,0.2,5.14,0.62,11875.97,81,1.05,461.7626925270964,220.21428571428572,2088.36451
9,6,7,-12.52,13606,7773.0,11.93,11,4910,33268.11,0.84,2.95,0.48,11811.83,85,1.5,559.4632515066883,229.21428571428575,2599.215673
5,18,9,-41.650002,12658,7429.0,14.49,17,3392,34601.01,0.42,4.69,0.59,13230.23,97,1.05,521.5140622531205,228.92857142857142,1004.371152
2,7,9,-41.09,16155,6160.0,123.92,2,6089,35504.02,0.26,4.68,0.62,13263.35,96,1.2,1231.7122872175796,235.85714285714283,1578.313904
1,5,7,-18.969999,12560,7350.0,1.84,10,3831,34731.08,1.28,4.27,1.77,12253.15,77,1.2,992.8691878980892,216.5,1832.65429
9,5,6,-31.129999,16055,6459.0,45.08,3,3057,34807.8,1.38,3.65,1.88,12357.45,76,0.04,47.57888508252881,218.35714285714283,2309.86577
11,6,12,-13.62,12902,6381.0,29.56,14,5788,27092.15,0.98,4.77,0.7,11366.32,50,1.23,460.0747170981243,218.92857142857142,723.0671564
10,11,12,-66.419998,9800,6085.0,0.89,6,6372,34824.22,0.26,4.68,0.61,13247.61,69,1.08,281.7842857142857,227.78571428571428,199.9708026
4,4,7,13.46,16540,7540.0,73.38,7,2299,28881.88,0.81,4.618651685393258,1.02,12993.35,100,1.36,1007.0876662636034,218.92857142857142,2893.163534
12,22,6,-55.110001,11086,5493.0,1.65,17,8537,33749.47,0.55,4.71,0.38,13462.05,101,1.12,1134.4137651091467,224.42857142857142,880.6321287
1,1,7,-34.82,11340,6961.0,3.78,8,1775,30761.22,0.49,4.66,0.59,13170.5,99,1.38,678.1240740740741,229.21428571428575,2178.56896
8,4,12,-35.330002,11495,6744.0,8.81,15,7417,34726.36,0.31,4.66,0.61,13182.77,83,1.13,517.6648107872988,229.07142857142853,477.6019857
4,7,8,-17.85,13811,5996.0,16.75,5,3462,34391.15,0.52,4.44,0.27,13487.18,93,1.09,655.7001665339222,237.3571428571429,1228.396838
1,26,11,-53.900002,13836,8090.0,4.37,10,3582,33042.41,1.11,5.46,0.83,12633.21,93,0.8,360.8683145417751,242.57142857142853,722.1376347
8,6,11,-14.69,14678,8426.0,13.74,19,2288,34594.44,1.41,4.03,0.49,12188.09,83,1.41,536.254189944134,227.64285714285714,2193.232518
12,19,11,-25.559999,11463,8096.0,22.62,8,3661,34789.16,0.9,4.618651685393258,0.3,13096.09,83,1.21,480.6059495768996,237.57142857142858,577.6465884
12,8,7,-39.84,16010,6298.0,154.54,3,7109,32081.61,0.27,4.68,0.63,13220.38,90,1.3,1122.5775140537164,228.14285714285717,1498.558974
4,1,12,-39.209999,10252,6521.0,14.96,11,6808,35185.86,0.76,4.47,0.54,12754.05,95,0.94,616.9587397580959,220.42857142857144,1095.449116
4,1,12,-28.42,12365,6542.0,21.46,6,5596,34814.07,0.53,4.4,0.5,13677.51,100,0.75,357.46162555600483,217.5,1194.928296
4,14,7,13.92,12933,6417.0,2.98,2,2498,28842.14,0.33,5.13,0.47,12472.76,109,1.19,1169.1606742441816,219.7857142857143,3986.518151
10,6,12,-38.27,11599,6220.0,6.46,8,8133,29025.97,1.05,4.64,0.62,11685.11,77,1.34,565.9608586947151,222.14285714285714,1093.86027
8,6,10,-40.049999,14525,8155.0,55.86,5,4309,30717.19,1.23,4.618651685393258,0.46,11631.22,95,2.1,620.9068502581756,229.92857142857142,3625.455749
2,2,9,-14.86,11790,6277.0,20.82,7,1204,34726.36,1.3,6.71,0.44,12027.24,108,2.39,747.2434266327396,232.14285714285717,1102.291351
12,25,7,-26.0,15788,7337.0,292.35,1,4899,34736.92,1.51,4.02,0.48,12143.75,93,1.29,326.66208512794526,227.50000000000003,1308.414304
4,1,10,-46.950001,15300,6608.0,6.24,16,12479,34546.34,1.08,4.99,0.44,12239.85,100,1.33,964.3840522875817,218.35714285714286,3297.806742
19,20,10,-31.879999,16880,8237.0,36.11,1,1709,34869.13,0.47,4.66,0.58,13192.18,90,1.52,428.0595971563981,227.57142857142856,1811.057734
1,25,10,-42.549999,12056,8052.0,0.68,25,10641,34583.67,0.5,4.83,0.56,13280.73,89,1.77,1381.0597213005972,226.57142857142856,3360.831304
17,4,9,-55.18,13530,7501.0,7.79,4,2952,31810.16,0.43,4.72,0.59,13263.02,85,1.28,597.5461936437546,229.07142857142853,1575.182337
5,5,6,-10.25,15274,6704.0,38.96,12,5146,34634.34,1.34,3.86,1.96,12302.62,74,1.18,1331.5440618043735,217.5,2308.819496
12,25,7,-7.3899999,15325,8629.0,18.01,4,4058,35072.44,1.32,3.89,0.47,12187.75,90,1.33,912.9496900489396,229.21428571428575,5128.058548
3,1,8,-30.15,13426,6447.0,1.7,11,4990,34802.83,1.09,5.02,0.44,12427.77,92,1.21,869.5334425741099,215.78571428571428,3567.24434
1,20,12,-22.25,14410,8246.0,2.39,9,6481,34575.56,0.98,4.85,0.72,11959.51,82,1.53,354.41894517696045,241.78571428571425,1209.519963
6,19,10,-11.56,9615,5896.0,1.68,3,3149,28993.29,0.32,4.68,0.62,13231.58,85,0.94,447.13239729589185,228.42857142857144,159.1077011
2,20,13,-69.25,14028,8773.0,95.21,2,5360,34744.92,0.77,4.22,0.65,11792.44,84,1.33,319.9272882805817,242.71428571428575,1006.520475
1,26,11,-71.199997,13796,8218.0,44.02,1,2386,35169.83,1.13,5.61,0.85,12753.31,99,0.85,365.39467961728036,243.42857142857142,1412.819209
9,5,6,-33.90573541903704,16352,6554.0,0.76,29,4384,35039.79,1.25,3.68,1.72,12466.27,76,1.17,1125.55834148728,218.92857142857142,2420.192905
11,14,8,-57.889999,13075,7105.0,8.68,6,4740,34663.15,1.24,4.32,0.48,12895.77,80,1.06,697.8801529636711,219.35714285714286,1752.977404
1,13,9,-47.700001,16645,6891.0,10.38,7,3011,34173.46,0.62,5.17,0.41,13599.92,77,0.93,1078.6040252328025,227.14285714285717,1751.008208
4,7,7,-22.59,11972,6236.0,22.27,25,11955,35169.83,0.42,4.66,0.59,13161.9,95,1.34,593.3328600066823,229.00000000000003,453.9478101
8,28,9,-54.73,14724,8899.0,4.34,13,6160,34839.29,0.47,4.66,0.58,13184.96,96,1.14,542.3192746536267,227.64285714285717,942.1315053
8,4,10,-41.880001,12256,6778.0,3.6,12,4310,29685.18,0.53,3.9,0.69,12773.7,80,1.18,681.9875979112271,220.57142857142858,626.1577359
4,1,9,-20.48,14806,6268.0,17.34,22,9938,33856.46,0.46,4.82,0.38,13558.55,100,1.77,1098.2402404430636,218.35714285714286,3403.859755
29,14,12,-37.16,9465,6483.0,20.4,4,5983,35053.87,0.24,5.14,0.59,12033.79,80,1.06,554.7279450607501,219.57142857142858,1726.930553
10,6,12,-25.49,13273,6525.0,512.54,1,12938,30064.75,0.57,4.87,0.43,13465.54,74,1.3,553.2893091237851,227.28571428571428,2018.703652
3,5,8,-24.15,17660,6403.0,14.13,10,6484,33791.6,1.17,3.74,1.71,12506.8,70,0.92,931.3847678369195,218.85714285714286,2780.213158
10,11,10,-25.92,14019,6369.0,91.29,3,4700,29649.78,0.42,4.74,0.34,13193.09,70,1.19,1286.347100363792,231.6428571428571,1248.688497
11,27,13,-69.830002,12521,8135.0,6.45,25,11706,34626.62,0.18,4.88,0.89,12829.61,57,0.89,293.9075952399968,224.78571428571428,635.9163758
10,11,11,-59.939999,11821,6437.0,1.51,23,8397,34315.46,0.38,4.8,0.56,13250.37,71,0.95,546.112173250994,230.85714285714283,725.4743944
10,6,11,-16.92,13620,8148.0,32.16,7,6029,34594.44,1.41,3.9,0.52,11963.68,87,1.26,405.4712187958884,228.7857142857143,2591.632976
10,4,6,-13.53,15692,7476.0,22.57,23,8940,33030.93,0.58,4.78,0.5,12733.87,99,1.4,1095.948253887331,233.71428571428572,3056.092595
5,8,10,-60.169998,17174,7627.0,7.84,16,9048,35313.77,0.44,4.74,0.57,13307.1,86,1.03,697.7300570630022,228.42857142857144,1389.976605
12,27,12,-62.91,12342,8232.0,330.79,5,9188,33358.01,0.19,4.83,0.87,12793.11,88,0.9,229.93048128342247,223.57142857142858,626.3646622
12,22,9,-63.59,10802,5685.0,176.48,9,8409,33953.08,0.65,5.14,0.4,13591.62,92,1.19,1046.5212923532679,227.14285714285717,852.1353846
4,7,7,-39.990002,15477,6157.0,19.41,10,5622,35033.39,0.31,4.66,0.61,13182.77,97,1.3,831.0640951088712,229.07142857142853,1251.245788
2,2,13,-5.6700001,10770,5822.0,10.79,22,6384,34798.83,1.16,6.63,0.41,12117.52,88,1.35,450.0716805942433,228.92857142857142,889.0207554
5,1,10,-48.029999,11871,6638.0,0.04,11,6161,34897.55,0.57,4.78,0.41,13453.74,100,1.22,610.9279757391963,224.85714285714286,1880.471907
11,14,9,-20.92,12088,6790.0,9.5,6,4886,27799.79,0.29,4.69,0.61,13227.81,80,1.05,879.9367140966248,240.2142857142857,1531.934734
11,6,11,-28.530001,13035,8202.0,7.68,2,4025,34771.54,1.38,3.62,0.47,11919.57,92,1.28,467.9155350978136,229.7142857142857,2455.526563
2,7,9,-33.90573541903704,16150,6157.0,4.11,23,9677,35550.77,0.26,4.68,0.62,13241.47,91,1.14,869.261052631579,234.14285714285717,1683.450521
1,11,7,-16.879999,17452,8352.0,2.51,28,14983,34887.07,0.83,5.7,0.74,12578.32,66,1.5,733.1731606692642,240.2857142857143,2021.934222
4,7,6,-25.25,14961,6201.0,5.72,11,5847,35281.08,0.63,4.92,0.45,13484.58,98,1.16,809.8228059621683,227.42857142857144,1206.241235
5,18,11,-50.639999,11431,7126.0,6.3,3,2129,38057.63,0.5,4.63,0.56,13151.88,73,0.38,103.60992039191672,230.00000000000003,519.8412166
3,1,5,-33.90573541903704,14791,6663.0,22.04,19,9662,34823.06,0.31,4.69,0.61,13250.88,82,0.92,780.2541410317085,228.14285714285717,3762.549877
9,11,9,-43.860001,14910,8876.0,13.67,9,6010,34522.19,0.32,4.62,0.65,11841.97,71,1.01,349.71200536552647,245.14285714285717,2278.289554
1,8,9,-51.380001,15813,6758.0,6.13,18,10080,34564.35,0.76,5.84,0.18,13708.08,89,1.09,1295.9051413394043,223.85714285714286,1799.089894
1,25,11,11.42,10555,6923.0,173.46,3,6888,34614.86,0.83,4.87,0.5,11319.25,89,1.24,1201.5943154902889,222.50000000000003,2227.844493
23,4,12,-7.3800001,12399,8064.0,11.66,5,2595,30503.75,0.13,4.78,0.85,12892.05,100,0.97,389.0734736672312,227.57142857142856,984.6258895
12,25,10,-68.529999,9265,7057.0,2.4,8,107,34579.27,0.13,5.05,0.57,11672.86,91,1.0,548.6413383702105,222.7857142857143,1235.988069
2,20,10,-35.799999,13936,7505.0,1.98,7,7746,33832.67,0.47,4.66,0.58,13184.6,92,1.69,457.1642508610792,229.49999999999997,1363.493871
2,2,13,-13.89,13670,7927.0,10.4,6,3661,35125.52,1.92,4.8,0.76,11634.69,67,1.07,356.6018288222385,245.28571428571428,604.3373478
2,20,11,-24.6,15353,9052.0,5.11,15,6494,35187.29,0.2,4.5,0.71,11864.68,93,1.35,398.1593825311014,243.92857142857144,1894.104453
1,17,5,-29.059999,14501,7969.0,213.93,2,10293,34311.44,0.29,4.68,0.62,13216.42,76,0.99,831.0973036342322,228.5,1521.046491
7,4,10,-33.90573541903704,16026,7958.0,9.13,20,8767,35153.91,0.26,4.68,0.61,13255.17,93,0.88,712.2822288780732,227.71428571428572,3418.257575
1,4,12,-52.740002,10885,7844.0,24.03,6,4540,33027.54,0.22,4.59,0.53,13356.72,96,0.95,342.702434542949,224.28571428571425,1559.765694
12,19,9,-33.90573541903704,11305,5888.0,16.74,10,4478,35459.04,0.39,4.72,0.58,13268.2,81,0.97,602.0323750552852,228.57142857142856,368.8595725
2,2,10,-15.75,15377,5901.0,503.75,1,2572,35290.28,0.52,4.73,0.51,13400.65,109,1.89,775.7916368602458,225.78571428571428,1996.621958
12,4,6,-18.34,22349,7943.0,5.55,17,1577,34667.33,0.16,4.45,0.74,13185.47,93,1.41,1303.8470625083896,222.99999999999997,3217.983424
4,1,12,-52.869999,11376,6523.0,11.98,25,12092,32754.03,0.67,4.38,0.55,12889.62,95,0.75,447.5457981715893,219.85714285714286,1384.861273
3,1,6,-33.23,15078,5898.0,40.8,20,8702,34838.95,0.29,4.69,0.61,13230.16,88,1.66,1153.1664677012866,228.14285714285717,1440.572356
12,26,10,-33.90573541903704,13841,8039.0,14.17,17,10344,34771.54,1.06,5.63,0.84,12795.16,82,0.81,272.9947980637237,243.1428571428571,1274.756362
3,15,7,-22.860001,15603,7324.0,0.41,16,6757,34812.4,1.72,5.46,0.83,11782.37,61,1.21,743.0057681215151,243.78571428571428,2623.71754
4,1,10,6.0900002,16519,7950.0,46.29,1,1809,30596.4,0.31,4.69,0.61,13250.88,100,1.3,537.5923482050972,228.14285714285717,1466.347001
10,11,10,-59.59,10070,6422.0,3.49,9,7116,35520.21,0.27,4.68,0.61,13271.12,70,1.11,633.4190665342602,227.8571428571429,517.0082765
3,1,6,-19.68,13976,6121.0,11.01,8,7582,34601.01,0.21,4.87,0.44,13396.2,91,1.35,1009.0243274184317,230.07142857142853,795.9864937
5,18,9,-44.439999,14667,7174.0,433.01,1,4685,32274.46,0.5,4.74,0.6,13275.36,94,0.98,654.8067771187018,229.28571428571425,2292.701342
9,5,6,-25.549999,15616,6407.0,84.86,3,5458,28402.96,0.28,4.68,0.62,13204.97,77,1.15,1155.9567110655737,228.5,2874.47686
4,8,5,-56.580002,14567,7102.0,9.56,10,6159,27199.57,0.28,4.67,0.62,13186.82,94,1.59,1390.1777991350311,246.92857142857144,3549.482683
1,2,7,-33.90573541903704,17246,7529.0,17.45,36,16807,35207.64,0.31,4.67,0.62,13196.83,94,1.89,836.0041748811318,226.71428571428572,1958.042037
12,25,6,-21.809999,13094,7884.0,29.81,34,12195,32757.29,1.5,4.04,0.5,12165.6,97,1.34,776.3316786314342,225.7857142857143,1817.565557
12,9,10,-36.220001,14420,8618.0,1.82,15,4331,34589.6,0.93,4.57,0.54,11775.37,91,1.18,409.40471567267684,242.2857142857143,981.2203929
9,1,9,-78.010002,13157,7275.0,10.71,16,8151,34742.11,0.45,3.61,0.52,13115.64,99,1.53,477.9322793949989,220.50000000000003,1373.993423
7,4,8,-33.90573541903704,16389,7538.0,2.0,13,813,34719.56,0.42,4.65,0.58,12888.63,95,1.08,1113.1872597473916,231.6428571428571,3930.975445
9,35,13,-40.509998,11106,5336.0,158.52,6,7051,32647.03,0.28,4.67,0.62,13186.82,89,1.09,563.4792004321988,246.92857142857144,1560.987136
12,19,9,-52.66,11100,5454.0,437.47,1,3881,34702.23,0.47,4.66,0.58,13184.6,82,0.85,626.9971171171171,229.49999999999997,541.5577054
2,1,11,-15.43,15537,8578.0,419.21,1,5500,29045.27,0.61,4.56,0.54,12070.11,80,0.81,405.4466756774152,244.42857142857144,1206.675189
16,14,10,-29.059999,13575,7178.0,15.33,4,3446,30266.38,1.03,4.8,0.45,11714.26,80,1.04,1151.4309392265193,220.92857142857144,4421.738144
1,8,8,-61.619999,14104,7882.0,4.61,6,2861,35210.29,0.36,4.47,0.4,13429.24,88,0.94,517.8866279069767,223.49999999999997,2456.005829
3,5,8,-33.389999,10864,6835.0,758.84,1,3023,35190.53,1.31,3.93,1.92,12319.65,71,1.02,600.6981774668631,217.35714285714283,862.3799287
12,7,11,-2.0699999,13325,8105.0,0.22,10,5793,34734.62,0.25,4.76,0.53,13275.97,88,3.02,1482.284277673546,224.78571428571428,2103.990647
2,20,11,-33.90573541903704,16050,7580.0,18.96,9,5082,30155.08,0.67,5.15,0.39,13595.98,99,1.58,462.79545171339566,237.07142857142856,1907.656643
15,4,8,3.48,13996,7647.0,17.85,2,5326,28739.14,0.85,3.84,1.06,12965.86,100,0.9,529.2869391254644,218.78571428571428,1322.017042
3,4,7,-35.419998,16695,6609.0,8.42,11,5012,34934.39,0.49,4.66,0.59,13170.5,91,1.15,1206.6678646301289,229.21428571428575,1690.704179
5,18,9,-42.540001,18183,7107.0,8.79,18,4809,28736.52,0.47,4.72,0.59,13255.42,92,1.02,750.6339437936534,229.07142857142853,2044.416948
2,2,13,-25.799999,11909,8403.0,36.75,1,306,35192.75,1.55,4.618651685393258,0.46,11860.99,95,1.35,509.586447224788,230.42857142857147,1296.963172
4,8,7,-41.380001,16145,6381.0,13.19,2,3559,33388.51,1.21,3.8,1.8,12469.53,89,1.35,933.6698668318364,218.35714285714283,2001.093714
10,11,7,-25.780001,19951,6764.0,32.25,7,4832,34775.43,0.49,4.77,0.63,13293.39,83,0.89,930.8794546639266,229.7142857142857,2867.352996
2,7,10,2.24,13555,8924.0,14.96,16,7801,35081.48,0.4,4.57,0.58,11830.01,90,0.95,404.01445960900037,244.2857142857143,3072.308547
1,25,9,-46.279999,12807,7152.0,61.39,5,9262,33994.37,0.81,3.99,0.51,11358.1,88,0.92,589.9415163582416,224.0,763.1089295
9,14,11,19.049999,10772,6209.0,6.57,7,6001,35374.55,0.64,5.16,0.46,13169.65,83,1.09,594.361121425919,216.35714285714286,1938.416735
11,14,8,-37.889999,15270,7176.0,13.85,4,5375,33738.99,1.19,4.6,0.45,12357.1,81,1.05,1045.4209561231173,217.71428571428572,4844.717392
10,4,7,-1.96,18194,6711.0,11.16,8,2475,35171.06,1.37,5.12,0.6,12929.03,100,1.2,594.3916675827196,239.64285714285714,1460.060413
1,20,13,-47.259998,14496,8703.0,179.75,1,2658,35162.27,0.96,4.618651685393258,0.76,12047.23,92,1.23,346.13258830022073,242.2142857142857,1358.923866
10,11,7,-51.869999,22881,7557.0,4.97,8,5609,34322.99,0.58,4.81,0.53,12693.31,70,1.01,994.6364232332503,234.21428571428567,5857.975737
9,5,10,-25.35,15955,7011.0,1.2,8,4390,30402.17,0.05,4.66,0.67,13160.78,78,0.91,619.9690379191476,224.85714285714286,2478.185802
10,11,9,-74.199997,11294,6238.0,24.58,15,4741,34833.46,0.63,4.92,0.45,13484.58,70,1.04,660.6157251638037,227.42857142857144,564.752037
6,4,9,-73.610001,11226,7764.0,13.51,11,7611,32701.41,0.84,5.1,0.68,12522.33,94,0.9,379.4180473899875,240.07142857142858,1316.216531
14,13,6,-37.16,16219,6590.0,8.05,13,5756,29284.0,0.48,4.58,0.3,13668.41,99,0.82,1320.9433380602995,226.28571428571428,2037.068389
8,26,10,-47.259998,14655,8117.0,2.84,29,9834,32953.42,0.72,5.45,0.84,12872.01,95,0.87,369.5799385875128,241.64285714285714,1398.30376
16,4,9,-11.91,16383,7869.0,24.31,2,3451,32707.33,0.06,4.6,0.72,13182.41,99,0.97,564.9862662516023,224.57142857142858,2908.514309
2,6,10,-27.889999,13458,8515.0,0.92,11,5635,34729.88,1.24,4.06,0.64,11982.15,73,1.38,536.9485064645564,224.64285714285714,3314.764496
1,11,8,-57.639999,17375,6323.0,1.62,7,3728,34578.14,0.59,4.91,0.43,13593.34,69,0.87,571.033726618705,225.14285714285714,2580.251597
2,2,13,-27.25,11518,5896.0,34.54,7,6268,33258.19,1.2,6.25,0.51,12169.22,83,1.26,463.92576836256296,235.71428571428572,842.4039314
12,9,10,-13.25,16737,8438.0,28.09,7,5471,35301.86,0.92,4.79,0.5,11603.42,91,1.11,647.7918384417757,241.64285714285714,1062.312909
10,11,11,-36.02,10950,6608.0,1.18,9,3730,33447.34,0.47,4.64,0.57,13168.79,69,1.28,863.3572602739727,227.85714285714283,708.3638655
3,5,10,-24.879999,12960,6505.0,5.79,5,5167,29717.74,1.38,3.85,2.0,12255.35,63,0.88,537.051311728395,217.35714285714283,1161.579826
1,5,5,-24.950001,16597,6856.0,5.93,6,2369,34854.81,0.39,4.72,0.58,13268.2,75,1.24,1151.9551726215582,228.57142857142856,3244.755311
4,4,8,-50.009998,12305,6668.0,7.53,6,5217,34155.43,0.56,4.75,0.4,13457.7,101,0.96,610.6997155627794,226.78571428571428,1219.930468
6,1,10,-28.959999,10960,5519.0,36.57,17,1975,35192.75,0.43,4.72,0.57,13599.66,99,1.49,938.3530109489051,225.07142857142856,693.4133855
4,14,5,-22.379999,15456,6668.0,5.53,22,9017,32806.41,0.31,4.68,0.62,13456.54,108,1.34,1332.9482401656314,226.78571428571428,6842.650083
10,6,12,-19.32,14364,6500.0,151.25,3,1307,30944.75,0.94,4.49,0.63,11756.69,86,1.32,548.7685881370091,220.85714285714286,768.8105398
4,4,6,-21.969999,19053,8069.0,15.54,7,65,35326.04,0.65,5.14,0.4,13591.62,93,1.33,1231.3153834041884,225.14285714285714,4373.409597
2,7,9,-24.0,14994,5993.0,2.63,9,4296,35103.54,0.26,4.68,0.61,13239.24,91,1.12,800.1256502601041,241.85714285714286,1459.554207
10,11,10,-53.419998,10398,6163.0,5.03,5,2966,34191.98,0.43,4.68,0.58,13182.01,70,1.16,802.9042123485285,228.92857142857142,428.423215
11,14,10,16.629999,11420,7527.0,232.07,1,711,31390.93,0.31,3.45,0.59,11099.15,79,1.21,701.1382661996497,224.85714285714283,3263.410842
16,13,10,-33.639999,16172,6864.0,20.39,7,3356,31883.35,0.55,5.0,0.46,13587.85,89,1.13,1048.566658421964,227.3571428571429,1074.653136
9,14,11,-24.120001,12264,6716.0,3.67,10,7519,33489.69,0.86,5.01,0.48,11617.26,82,1.12,849.9877690802348,219.85714285714286,6370.282424
11,14,9,-2.8199999,12850,7467.0,18.02,34,14540,34777.93,0.93,3.69,0.5,11593.69,80,1.06,740.2056809338521,223.7857142857143,1131.788645
12,25,10,-31.82,13575,8282.0,1.78,7,4350,35207.9,1.36,3.36,0.45,11634.62,90,1.2,1485.7651565377532,229.42857142857147,3147.658977
30,4,11,-27.83,12624,6953.0,296.36,1,4382,31824.6,0.43,4.72,0.57,13599.66,63,0.79,347.2504752851711,227.07142857142856,531.2036934
2,7,9,-34.700001,12896,6068.0,303.04,1,5110,34914.63,0.47,4.64,0.57,13160.76,94,1.18,709.3031172456575,229.7857142857143,728.8275662
2,7,8,-47.68,14388,6033.0,26.71,17,8136,34777.93,0.44,4.68,0.59,13206.37,96,1.01,700.896163469558,227.35714285714283,305.0855348
5,11,5,-51.27,12240,7598.0,9.75,10,7526,34210.47,0.45,4.72,0.58,13283.0,96,0.89,354.29346405228756,228.8571428571428,1840.381063
8,6,10,-25.59,13747,7818.0,16.47,6,158,31241.58,0.86,3.19,0.46,11661.61,97,1.34,596.2954826507602,228.57142857142858,2624.637942
4,14,8,-32.990002,9900,6717.0,17.99,19,9247,35133.95,0.86,5.04,0.48,11750.34,82,1.04,458.96171717171717,219.14285714285714,1579.553457
8,4,10,-50.669998,12325,6764.0,277.01,1,4321,32717.59,0.52,3.9,0.67,12783.17,80,1.1,597.9237322515213,220.57142857142858,749.401858
9,5,5,-9.04,15165,6365.0,3.8,4,4302,34013.21,0.57,4.87,0.43,13465.54,76,1.2,1085.2621167161226,227.28571428571428,2761.465506
7,6,9,-31.68,13577,7561.0,42.6,16,10354,33373.16,0.08,3.64,0.63,11152.1,96,1.47,1070.0089121308094,225.71428571428572,7201.277888
9,5,6,-3.7,16133,6552.0,8.85,15,8618,35216.37,1.25,3.68,1.72,12467.47,75,1.13,1073.6510258476414,218.92857142857142,2543.457079
10,4,8,-35.849998,13856,7674.0,37.17,36,14645,34899.41,0.33,4.64,0.63,13000.53,101,1.03,703.0273527713625,230.28571428571425,2601.425383
5,5,6,-4.48,15652,6706.0,9.62,14,6972,32819.55,1.35,3.86,1.96,12301.09,73,1.2,1358.378481983133,217.5,2046.433338
12,25,6,-30.77,13913,7421.0,18.29,28,12231,32751.38,1.49,4.07,0.43,12230.4,95,1.34,827.7766118019118,226.64285714285717,1709.58064
5,11,5,-17.209999,12786,7624.0,2.16,4,2674,33885.21,0.28,4.67,0.62,13186.82,96,0.86,306.13796339746597,228.92857142857142,1515.774713
8,6,12,-28.23,11072,4935.0,6.15,9,5893,34669.05,0.61,4.91,0.44,13481.45,75,0.94,260.65751445086704,227.21428571428572,436.4781723
11,14,8,-21.07,12945,6839.0,70.67,5,5046,33522.77,1.24,4.43,0.47,12847.74,79,1.04,822.6101969872537,218.28571428571428,2118.991873
2,20,10,-33.90573541903704,16279,8629.0,2.55,2,2796,34715.37,0.28,4.53,0.63,11867.0,91,1.58,420.6954358375822,244.57142857142856,978.2579784
4,1,11,-50.91,12245,6399.0,7.31,19,8855,34887.07,0.48,4.22,0.57,12780.76,80,1.57,549.5469987750103,216.07142857142858,826.9926764
12,26,11,-63.349998,11212,7586.0,16.63,8,1443,30950.78,0.27,4.71,0.72,12883.52,97,0.93,309.9275775954335,231.00000000000003,960.3526529
12,9,11,-33.84,14980,8499.0,9.27,17,6877,34564.35,0.96,4.29,0.64,11829.51,90,1.22,575.7523364485982,242.71428571428575,1701.639837
5,24,10,-17.049999,12610,6966.0,27.21,7,5088,30838.42,0.26,4.68,0.61,13239.24,80,1.33,413.43901665344964,227.8571428571429,1312.629314
1,13,9,-38.669998,16787,6900.0,120.11,5,3851,34614.13,0.62,5.14,0.42,13594.43,77,0.75,878.1024006671829,227.14285714285717,1760.215256
4,14,8,-37.700001,13232,6721.0,0.28,17,7139,34022.14,0.87,5.01,0.47,11626.51,82,1.04,892.5749697702539,219.92857142857142,3781.414029
12,9,10,-9.8800001,14013,8716.0,11.93,19,8923,34993.51,0.92,4.66,0.5,11731.58,85,0.99,436.8353671590666,241.85714285714286,854.2890812
12,22,10,-41.439999,13685,5715.0,69.52,6,1813,34594.03,0.05,4.72,0.6,13166.48,97,1.22,1281.4750456704421,224.78571428571428,1221.419601
5,8,11,-34.939999,12090,7758.0,11.81,3,2211,27301.18,0.52,4.74,0.41,13445.33,83,1.06,270.332423490488,224.78571428571428,375.6446135
15,4,8,-30.98,15552,7682.0,8.6,6,4936,31220.69,0.87,3.86,1.05,12969.57,95,0.89,639.6219135802469,218.71428571428572,1933.40072
9,17,10,-26.299999,13580,6002.0,20.67,6,456,30606.71,0.85,5.14,0.42,13794.82,77,1.11,562.8230486008837,212.71428571428572,76.10724599
1,5,7,-33.73,15034,6472.0,45.29,4,3962,29410.54,1.21,3.71,1.72,12484.77,77,1.09,960.537315418385,218.85714285714286,2708.965448
11,14,9,-36.27,11886,7118.0,4.11,5,1357,30837.96,1.0,4.68,0.47,11558.58,80,1.06,671.9232710752145,221.92857142857144,2991.754154
12,4,7,-3.76,14561,7946.0,17.19,8,1846,27140.45,0.06,4.72,0.85,12946.19,99,1.45,891.8640203282741,225.42857142857144,1579.513103
8,26,10,-37.380001,14450,8150.0,1.15,21,8963,32846.52,0.72,5.47,0.84,12875.51,91,0.87,322.31799307958477,241.71428571428575,1175.673001
8,26,9,-74.879997,12031,8027.0,54.54,7,4384,27957.49,1.03,5.48,0.82,12733.14,96,0.98,425.20014961349847,242.64285714285714,1399.95014
11,14,8,-25.41,12965,7362.0,2.97,10,6059,33342.36,1.1,4.23,0.47,11959.37,81,1.07,850.3066718087158,221.35714285714286,3836.217514
1,20,11,-30.950001,16050,8533.0,3.39,11,6895,34551.73,0.93,5.3,0.73,12049.03,79,1.44,388.9953894080997,241.99999999999997,1492.506663
5,11,6,-58.119999,13082,6041.0,0.62,6,167,34661.95,0.05,4.72,0.6,13166.48,44,0.79,601.7257300107017,226.78571428571428,1107.802529
10,11,9,-15.92,14960,6920.0,125.35,1,149,29899.71,0.64,4.59,0.48,13110.02,69,0.91,738.2185828877006,231.28571428571428,2090.496246
10,11,10,-37.66,11443,6462.0,3.58,23,15422,33640.87,0.59,5.06,0.45,13491.08,70,1.13,794.0900113606572,225.78571428571428,948.2813596
31,11,8,-75.510002,13510,6447.0,1.46,10,6402,33876.27,0.17,4.46,0.47,13336.26,70,1.27,592.2952627683197,223.49999999999997,1255.831073
4,7,6,-38.279999,12959,6018.0,20.79,7,3177,34751.0,0.3,4.69,0.6,13245.47,95,1.14,735.2195385446408,228.07142857142856,952.7241845
12,25,7,-19.1,11924,7700.0,1.27,5,5399,33177.59,1.31,3.57,0.46,11459.84,90,1.39,782.5259979872526,229.00000000000003,2983.253152
10,11,10,-65.279999,11553,6059.0,29.71,5,3931,33501.47,0.26,4.68,0.62,13263.35,70,1.12,845.4946767073487,243.85714285714286,673.0435756
11,14,9,-41.860001,13876,7517.0,9.61,23,8300,34298.43,0.94,3.57,0.5,11647.04,81,1.06,904.6821130008648,222.2857142857143,1151.148006
4,1,10,-49.529999,11636,6687.0,3.46,24,12978,34570.38,1.1,4.92,0.44,12132.13,101,1.42,655.7648676521142,217.64285714285717,2494.370672
3,5,10,-38.73,13034,6560.0,10.78,14,10195,34610.82,1.37,3.85,1.99,12258.76,64,0.88,522.0158048181679,217.35714285714283,1220.3438
2,6,9,-17.23,18951,8067.0,88.79,5,4951,29690.68,0.98,3.18,0.46,11672.67,86,1.34,984.435333227798,230.42857142857147,4249.626765
12,4,6,-55.360001,17074,8105.0,16.45,13,6099,34037.86,0.3,4.39,0.76,13112.46,99,1.44,1098.1029635703408,222.14285714285714,1721.096542
8,1,11,-32.23,13650,6405.0,86.43,2,4475,34538.02,0.23,4.83,0.54,13525.97,80,1.27,500.2153846153846,228.14285714285717,711.6942941
1,5,7,-44.799999,14961,6429.0,4.51,14,6276,29353.06,0.5,4.83,0.56,13280.73,73,1.14,1041.7438673885435,228.57142857142856,1809.871286
10,11,11,-12.71,12696,6459.0,1.39,14,9183,29650.73,0.65,5.14,0.4,13591.62,70,1.11,749.2647290485193,225.14285714285714,1004.918306
11,14,9,-11.94,10048,6449.0,5.85,16,7410,35450.63,1.0,5.08,0.45,12344.08,80,1.06,681.2241242038217,216.07142857142858,2590.897119
30,19,10,-33.389999,10420,5861.0,16.68,4,3852,31034.33,0.31,4.66,0.61,13182.77,85,0.79,469.7902111324376,229.07142857142853,685.4714473
1,33,11,-63.830002,13750,8013.0,7.69,4,4426,34617.29,0.9,4.65,0.95,12945.13,77,1.0,358.00836363636364,243.2857142857143,690.9260269
4,1,9,-37.77,13155,6847.0,21.11,13,8291,29039.78,1.15,4.95,0.44,12464.76,100,1.71,1088.0419612314709,217.14285714285717,2789.994136
1,20,13,-46.220001,15011,7955.0,15.05,10,3785,33256.24,0.96,5.74,0.45,11667.79,83,1.4,518.5257477849577,240.99999999999997,952.0824585
23,25,12,-36.27,10270,5677.0,29.32,27,12351,34736.92,0.57,4.63,0.35,13484.98,90,5.41,1819.5598831548198,226.42857142857144,1299.88432
9,5,5,-35.639999,19558,6250.0,28.16,8,4899,34691.7,0.59,4.91,0.43,13593.34,76,1.17,1289.0847734942224,227.14285714285717,3445.758535
12,7,11,-59.009998,14444,7374.0,1.5,8,3808,34726.5,1.58,5.21,0.79,12083.11,86,0.93,410.412628080864,243.92857142857144,2155.542416
10,11,12,-20.299999,10084,6285.0,23.0,5,3967,31848.05,0.28,4.67,0.63,13193.99,67,0.88,425.5243950813169,228.5,495.0441482
1,4,12,-62.650002,11104,7823.0,5.51,2,2701,29138.12,0.22,4.59,0.54,13353.22,92,0.93,319.7559438040346,224.28571428571425,1736.408121
1,1,7,-43.43,12344,7068.0,18.64,14,4948,33879.19,0.42,4.66,0.59,13161.9,98,1.35,847.3632534024628,229.00000000000003,2701.368379
4,4,8,-33.90573541903704,14107,7670.0,5.45,7,5189,34732.74,0.65,4.89,0.61,12587.12,100,0.97,660.6080669171333,237.99999999999997,2642.705762
2,2,13,-19.99,12378,5605.0,3.12,9,10459,35185.42,1.15,6.81,0.36,12090.58,109,1.44,538.3898044918403,227.57142857142858,1121.376582
3,8,6,-23.26,14564,7552.0,20.57,3,2188,30751.89,0.63,4.82,0.36,13497.29,83,1.48,1174.9329854435596,224.64285714285714,2665.360719
4,7,7,-31.74,15998,6135.0,8.93,2,2753,34304.54,0.31,4.67,0.62,13196.83,97,1.29,686.2141517689711,228.7142857142857,1172.315251
10,11,10,-21.49,10514,6169.0,11.52,17,7067,33982.73,0.4,4.7,0.58,13221.09,70,1.24,896.0377591782385,229.00000000000003,529.9087056
4,29,8,-35.709999,13573,6413.0,0.63,30,16149,35165.63,0.82,4.81,0.43,12764.71,101,0.98,979.5314226773742,242.2857142857143,1358.099085
2,7,10,-22.49,13275,8303.0,0.1,30,16286,35351.96,0.59,4.41,0.5,11792.5,96,1.09,662.0349529190207,244.71428571428575,2123.747318
9,5,6,-19.58,15278,6546.0,4.19,10,4749,34912.88,1.26,3.68,1.72,12462.48,76,0.05,45.182288257625345,218.92857142857142,2355.901192
9,11,9,-45.419998,13880,8711.0,2.18,6,4683,34589.38,0.33,4.36,0.67,11859.68,74,1.03,181.3487031700288,244.2857142857143,1811.522825
9,22,6,-59.939999,12694,5982.0,4.7,7,5352,33425.91,0.3,4.69,0.6,13237.71,96,1.09,999.0701118638727,234.21428571428567,1681.758217
3,5,8,-18.26,16388,6316.0,36.56,11,6395,34776.92,0.29,4.69,0.6,13275.93,76,0.84,893.5245301440078,227.8571428571429,1720.951539
1,20,12,-28.040001,15020,7960.0,254.38,1,6436,35460.36,0.62,4.91,0.44,13478.62,95,1.04,403.1608521970706,225.28571428571428,1094.785773
5,11,7,-48.040001,22584,6822.0,697.36,1,5375,35153.91,0.47,4.86,0.61,13396.48,75,0.95,992.8434289762664,229.07142857142853,3219.564485
12,25,6,-37.48,15331,8480.0,0.72,4,3316,30614.49,1.45,4.05,0.49,12153.88,93,1.6,951.2162285565195,223.85714285714286,4398.533766
7,11,12,-45.439999,12150,8749.0,26.54,15,7039,34818.7,0.91,4.18,0.66,11798.64,70,0.53,93.28312757201645,243.85714285714286,898.7832305
7,6,9,-24.870001,16648,7983.0,4.53,10,5809,34384.74,0.07,2.28,0.66,11548.6,93,1.58,956.9488827486786,229.07142857142853,2579.404299
10,17,7,-13.39,13270,7303.0,9.58,15,6768,33488.06,-0.02,2.24,0.64,11268.36,77,1.23,715.3134890730972,227.3571428571429,3794.524187
5,5,7,-32.509998,19323,7165.0,5.26,16,4431,34553.62,1.11,3.92,1.68,12545.16,75,0.96,1212.9586503130984,218.0,4594.823907
9,6,6,-23.77,12831,6721.0,11.51,17,10158,32889.48,1.06,4.86,0.71,10874.41,90,3.84,2812.4189852700492,227.21428571428572,7503.557935
4,4,7,-2.3699999,12815,6349.0,3.3,16,6918,34323.84,0.48,4.65,0.58,13166.54,97,1.36,918.845883730004,227.28571428571428,1489.510392
1,17,6,-48.060001,10902,6295.0,27.64,10,5237,35358.3,0.78,5.15,0.44,13252.18,80,0.97,656.0154100165107,214.57142857142858,1021.263995
3,5,6,-25.790001,14790,6909.0,11.19,15,6911,34753.75,1.23,3.9,1.83,12428.56,73,1.08,1055.5250169033131,217.78571428571428,2720.263403
9,1,9,-50.580002,13152,6965.0,34.31,2,2228,28965.23,0.29,4.69,0.61,13230.16,97,1.61,802.248555352798,228.14285714285717,1706.94947
10,11,10,-40.630001,11055,7551.0,9.25,8,5136,35429.96,0.42,4.61,0.58,13036.08,70,1.12,510.4940750791497,230.35714285714286,1257.277277
11,14,11,-50.740002,14713,6898.0,0.24,27,5256,34564.35,1.15,4.8,0.44,12237.48,81,1.05,951.8770475090056,217.5,4841.057073
4,14,6,-57.380001,20553,7533.0,4.35,19,9907,35260.61,0.54,4.83,0.42,13453.26,108,1.1,1605.5349584002336,224.92857142857142,7012.153842
7,11,12,-16.469999,11638,8835.0,22.81,15,5476,35587.31,0.57,4.63,0.35,13484.98,75,0.64,87.41295755284413,226.42857142857144,1029.404282
4,8,5,-37.41,15520,7011.0,1.74,6,2821,35455.5,0.05,4.66,0.67,13160.78,97,1.49,1258.0128865979382,226.8571428571429,3835.912835
1,2,10,-31.799999,10815,6368.0,7.36,15,6126,33488.01,1.93,5.7,0.86,11543.87,98,1.94,591.8737864077669,229.00000000000003,1062.030911
9,6,5,-4.3200002,12276,6540.0,6.86,10,3837,30098.55,0.49,4.66,0.58,13167.66,91,1.96,791.9048550016292,229.28571428571425,1248.013341
11,14,8,-32.950001,14476,6592.0,33.29,9,4089,35258.45,0.97,5.12,0.44,12583.5,81,1.04,840.9521967394307,216.71428571428572,3406.05789
4,8,6,-26.809999,17326,6732.0,10.74,8,4910,34634.13,0.26,4.58,0.57,13273.95,95,1.4,782.0958097656701,226.5714285714286,2824.938228
2,6,8,-21.379999,14523,7456.0,8.62,8,5958,30671.31,0.1,3.17,0.62,11097.43,98,1.37,728.7290504716657,225.64285714285717,3929.554245
1,1,6,-48.810001,12812,7132.0,4.69,12,4271,28366.69,0.47,4.66,0.58,13179.29,93,1.48,795.7492975335623,229.35714285714286,1419.33081
10,11,10,-25.780001,10385,6681.0,9.59,5,3566,33210.78,0.55,4.98,0.49,13390.83,70,1.1,618.2892633606162,227.8571428571429,823.1486849
4,7,8,-37.669998,16228,6018.0,5.58,6,2081,34980.05,0.62,4.76,0.46,13487.45,98,1.13,819.578814394873,227.28571428571428,1167.918685
5,1,10,-31.389999,11649,6580.0,8.96,16,5023,33751.64,0.48,4.65,0.58,13166.54,101,1.35,657.350673877586,227.28571428571428,1918.777118
10,11,7,-36.439999,17532,7363.0,26.25,6,4183,30811.75,0.55,4.58,0.49,13013.28,70,0.89,559.9700547570158,231.07142857142856,1467.166083
11,14,9,-48.0,10861,6914.0,25.3,15,8898,34881.38,1.08,4.76,0.45,11869.62,80,0.53,629.7608875794126,219.35714285714286,2728.809246
1,8,8,-41.66,13180,7899.0,14.84,14,7964,33103.76,0.41,4.45,0.36,13449.7,83,0.95,705.3212443095599,223.42857142857142,2809.062292
9,5,10,-23.35,16372,7245.0,193.1,13,8566,33636.08,0.54,4.77,0.42,13442.71,79,0.86,604.5164915709748,226.92857142857144,2454.156051
1,5,5,-20.98,18156,6862.0,1.42,8,4938,34321.66,0.63,4.84,0.38,13489.08,74,1.09,1162.5077109495483,232.78571428571433,3681.168564
5,3,12,-37.98,10457,6833.0,18.56,5,4851,30958.91,0.49,4.66,0.59,13170.5,98,1.36,574.6893946638615,229.21428571428575,798.9229765
12,25,6,-41.330002,14454,7415.0,33.58,5,4704,33329.61,1.48,4.07,0.43,12235.07,95,1.33,795.2161339421614,226.50000000000003,1691.402786
5,18,11,-45.560001,14914,7500.0,20.22,2,2151,34758.5,0.43,4.66,0.59,13186.97,78,0.83,654.0602118814537,229.35714285714286,2146.131947
11,14,10,-65.32,11795,7352.0,1.85,10,4203,33505.51,0.47,4.25,0.57,11124.65,80,1.06,709.2083933870284,224.85714285714283,6066.321496
10,11,13,-62.52,10380,6520.0,979.46,1,4515,34634.34,0.28,4.68,0.6,13281.18,70,0.94,337.3872832369942,227.78571428571428,669.3324134
10,11,13,-83.260002,11260,7569.0,0.15,15,4521,35185.86,0.4,4.62,0.59,13070.95,65,1.0,254.1203374777975,230.07142857142853,1028.725067
4,4,6,-19.959999,18147,7715.0,13.01,31,11024,32808.47,0.78,5.08,0.64,12522.92,98,1.32,863.730203339395,239.42857142857142,2750.054206
2,2,13,-23.700001,13190,7980.0,3.25,12,7430,34634.27,1.92,4.76,0.76,11642.81,67,1.03,413.724033358605,245.28571428571428,831.4654548
8,26,8,-48.990002,13679,6479.0,4.48,10,3706,32817.79,0.15,4.5,0.56,13352.23,97,0.88,932.9051831274217,223.57142857142858,628.7855483
10,6,7,-15.98,13750,7301.0,6.3,7,3870,34333.88,0.54,4.44,0.25,13493.47,90,1.21,513.6299636363636,225.35714285714286,4395.234931
9,14,10,-37.48,15342,6555.0,81.17,3,609,35135.24,1.04,5.04,0.44,12187.11,82,1.08,956.3691826359014,217.5,7114.217446
